post_id,title,content,age,post_date,tag_id,anonymous,good,impossible,early
4,「上司にブチ切れ！」「手作り弁当で食中毒」……花見での失敗エピソード 5.txt,「大学時代に、サークル仲間と行った花見でのこと。サークル内では『女子力高い』で通っていた私は、当日、お重にちらし寿司を詰めて持っていきました。しかし、食材が痛んでいたようで、食べた人が見事にお腹を壊しました。しかも特製の甘酒はまずかったようで全然飲んでくれなかったし……。せっかく築き上げたイメージが一気に崩れた最悪の日でした」（28歳・女性・出版関係）,,12/10/2023,0,TRUE,0,0,0
35,【飯関係多め？】31.9％が、キャンプでの失敗談が「ある」 どのような失敗が多い？1.txt,飯盒でご飯を炊いていて、ご飯がまっ黒焦げになってしまいました…。カレーだけ食べるはめになりました…。（50代・女性）,,26/3/2023,1,TRUE,0,0,0
37,【飯関係多め？】31.9％が、キャンプでの失敗談が「ある」 どのような失敗が多い？2.txt,"包丁を忘れたので、食材をハサミで切ったりちぎって完成させた（30代・女性）
",,28/1/2023,1,TRUE,0,0,0
43,【飯関係多め？】31.9％が、キャンプでの失敗談が「ある」 どのような失敗が多い？8.txt,タンドリーチキンの仕込みをして持っていったら保冷剤を忘れて肉が腐ってしまった。（50代・女性）,,14/5/2023,1,TRUE,0,0,0
45,【飯関係多め？】31.9％が、キャンプでの失敗談が「ある」 どのような失敗が多い？7.txt,炭でバーベキューをしたが、扱いに慣れていないので一度目は火力が強すぎて食材が焦げ、二度目は弱すぎていつまでたっても焼けなかった（50代・女性）,,6/10/2023,1,TRUE,0,0,0
49,【飯関係多め？】31.9％が、キャンプでの失敗談が「ある」 どのような失敗が多い？5.txt,晩御飯、炭に火がうまくつかず食べるまでに1時間半かかった、またついた後は辺りが暗くなっていてバーベキューの食材のイカがうまく焼けたか確認できないまま生で食べてしまった。（30代・男性）,,25/2/2023,1,TRUE,0,0,0
19,「やっちゃった……」今だから言える高校生の大失敗エピソード6.txt,"高校入学後一発目のテストで、大失敗
私は入学式の翌日のテストで大失敗しています。高校に合格して気を抜いていたのか、学年順位が散々でした。240人の学年で、数学は下から数えた方が早かったです。
さすがに焦りを感じて挽回しようと思い、授業で発表をしまくるも、的外れな解答ばかり発言してしまいました。クラスのみんなは笑っていましたが、先生はあきれていました。
「やる気を出そうとしても空回りすることもあるんだなぁ」と思いました。それからは猛勉強してみんなに追いつき、今何とか卒業できることになりました。ほんとうに良かったです。(かんちゃん＝3年)
",,1/4/2023,5,TRUE,0,0,0
32,こんな大学の決め方は絶対NG！先輩が語る、進路選択の後悔体験談2.txt,"英語は好きなんだけど…
私が英米文学専攻に進学した理由は、とても単純で「英語が好きだから」でした。実際に大学に入学してみると、確かに英語を使う講義が多く、扱う文学作品もレベルの高いものばかり。しかし、私は読書に興味がなく、文学よりも英会話を学ぶことへの期待が大きかったため、進学前のイメージとは異なる講義の内容にがっくりと落胆してしまいました。本当に興味がある学びは何か、将来やりたいことは何か、そこまで考えてオープンキャンパスに参加したり、大学パンフレットを見たりするべきです。「なんとなく」で学部を決めずに、講義の内容までしっかり調べることをオススメします。
",,11/2/2023,8,TRUE,0,0,0
38,【新大学生必見】これだけはやるな！入学直後の失敗談とそこから学ぶ教訓6選.txt,"①大学受験の結果を自慢気に話してしまった
・共通テストの点数や他にどこの大学に受かったのかについて話したら、相手に上手く話をそらされ、その時に自慢げに話していた自分に気がついた。
・「俺東大落ちなんだよね(どや)」と言われたが、結局同じ大学なのにそんなにマウントを取りたいのか、と引いてしまった。
・「私推薦だから頭良くないの」と言われ、遠回しに大学を卑下されたように感じた。②：友だちとの距離感の詰め方が上手くいかなかった
・おしとやかな子ばかりの大学なのに、賑やかな出身高校のテンションで大きな声で汚い言葉を言ってしまい、教室がシーンとなった。
・消極的になりすぎて友だちがまったくできなかった。
・キャラを無理矢理を作ろうとしたが、数カ月でそんな自分に疲れてしまいやめた。③：格好を派手にしすぎた
・派手めな水色のカバンで新入生説明会を受けていたのにも関わらず爆睡してしまって目立ってしまった。
・違う大学に通う友だちとノリで金髪にしたら、自分の大学は最初はわりとみんな黒髪で浮いてしまった。・メイク頑張りすぎて顔が白すぎた。
④：スケジュールを詰め込みすぎた
・大学入学前からアルバイトを始め、入学時点でのアルバイトのシフトを入れすぎたせいで大学でできた友だちと遊びに行く時間がなかなか取れなかった。
・サークル選びが不安であまりにもたくさんの新歓イベントに参加した結果、かなり忙しくて講義の課題などがおざなりになってしまった。⑤：不注意でミスをしてしまった
・大学サイトのログイン情報が書かれた紙をなくし、その日はログインできず、履修登録が遅れた。
・大学の教室になかなかたどり着けずに初日から遅刻した。
・初日に持参しなければいけない提出物を根こそぎ忘れて、クラスのみんなの前で名前を呼ばれて恥ずかしかった。⑥：大学ならではの恩恵を受けそびれた
・ノートパソコンや本など大学で買えば安く買えたのに、入学前に自分で買ってしまって後悔した。
・入試直後すぐに車の教習に通い始めたが、大学に入って生協から申し込んだ方が安くすんだことに気づいてがっかりした。





",,21/1/2023,4,TRUE,0,0,0
41,こんな大学の決め方は絶対NG！先輩が語る、進路選択の後悔体験談1.txt,"宿題の量だけで選んでしまうと…
高２から文系と理系に分かれるため、高１の冬にはどちらに進むか、決めなければなりませんでした。栄養士になりたいことと、国公立大を志望していることを先生に相談したところ、「文理どちらに進んでも、栄養士にはなれる」とのこと。私は短絡的に「それなら宿題の多い理系はやめて、文系に進もう」と決めてしまいました。しかし、いざ高３になって候補の大学を絞り込んでみると、文系タイプで受験できて栄養士の養成課程がある国公立大は数えるほどしかなく、残りは私立大ばかり。自宅から通うことも条件に加えると、希望の進路を実現できる大学はありませんでした…。受験できる大学をよく調べたうえで、文理を決めるべきでした。",,2/8/2023,8,TRUE,0,0,0
48,こんな大学の決め方は絶対NG！先輩が語る、進路選択の後悔体験談3.txt,"まさか入試で使わないなんて！
私は高３の秋まで、志望校について考えることがなく、どんな大学があるのか、入試ではどの科目が課されるのかを調べずに過ごしていました。11月になって、やっと志望校を決定。それから入試科目を調べてみると、苦手克服に時間をかけた数学が、試験に課されないことを知りました。数学に費やした時間を、少しでも別の入試科目に回していればと、ガッカリ…。受験勉強の効率にかかわってくるので、志望校が決まっていなくても、なるべく早く大学の情報を集めるようにしましょう。
",,17/4/2023,8,TRUE,0,0,0
64,定期テストでのハプニング・失敗談【中学生保護者の声】 1.txt,"定期テストでのハプニング・失敗談【中学生保護者の声】

自分で体験してこその気付き
　中学に入って、初めての定期テスト。学校のテストとは違うことを伝えたくていろいろアドバイスをしていたら、逆にプレッシャーになり過ぎ体調不良に…。
　私も反省し、２回目の定期テストでは口を出さないようにしたところ、今度は前日になってもやる気配がなくいつも通り過ごしている息子。
　結果、自分が思っているより点数が良くなかったようで、３回目の定期テスト前からは、自分からテスト勉強をするようになりました。「自分で体験してこその気付きがあるんだ」と実感しました。
(中２／ぶーやんさん）

「大失敗」から、見直しをして気付いたこと
　中１の後期中間テストの数学で大失敗した娘。帰宅後、玄関で大泣きし、ステップにも「行きたくない」と大騒ぎ！　しかし、見直しをすると「ケアレスミスの多さや、理解力の甘いところを放置していた」という問題点が浮き彫りに。
　その後、ステップの先生のサポートや本人の意識改革によって、今は安定して点数が取れるようになりつつあります。ひどい点数を取っても、きっちりと見直しをして、理解を深めていけば、必ず次につながっていくということを実感した出来事でした。
(中３／Oさん）

詰め込みすぎた予定がプレッシャーに
　中学生になってから、小学校の頃と比べテスト範囲が広く、あっという間に次のテストになるので、準備に追われてうまくリズムをつかめずに苦労していました。部活が忙しかったこともあると思います。
　定期テストの２週間前から、学校から配られる予定表に自分で勉強の予定を書き、その後に実際に勉強したスケジュールを書いて提出するのですが、そのスケジュールが本人のプレッシャーになり、予定通りに行かないとイライラするように。予定表を見せてもらうと、あきらかに詰め込みすぎていて、とても達成できるスケジュールではなく…ちゃんと見た方がよかったと感じました。
(中２／どんぐりさん）

時間が足りずに解けなかった問題を見て…
　テストの後、「時間が足りなくて最後まで解けなかった。空欄のところが何問もある」と聞いて、えーっ！とビックリしました。本人も帰宅してすぐ問題を見て、解けなかった小さい問題10個くらいが「全部わかる問題だった」とかなり落ち込んでいました。そんな姿を見て、「これが入試でなくてよかった」とヒヤっとしました。この失敗は、この先のためにも良い経験だったと思っています。
(中３／サリーさん）

ギリギリまで手をつけられない教科が…
　中学で最初の定期テスト。近所の仲の良いお姉さん（ステップ卒業生）から「中１から定期テストが大事だからね！」と言われていたためか、ガチガチに緊張しながら勉強していました。まだ自分に合ったテスト勉強方法が分からないでいたので、ギリギリになるまで手をつけられない教科もあり、前日の夜に半泣きで覚える…と言う日も。
　しかし今では、約２週間前から勉強する科目を決め、さらには１日の時間を分単位で決めてその通りに過ごしています。自分で「この方法が性格に合っている」と気づいたことが何よりよかったと思いました。
(中3／柚子胡椒さん）

テスト直前、謎のイライラの訳は…
　明日から定期テストという日曜日。息子は早めに起き、朝から机に向かっていました。しかしお昼を過ぎたあたりに部屋から出てきて、「なんかイライラして集中できない。まだ全然終わってないのにどうしよう！」と涙声。体調を崩したのかと家族みんなで慌てましたが、「そういえば朝からろくに食べてないからでは？」と思いつきました。
　急いでおにぎりや栄養ゼリー、チョコレートなどを食べさせたらすっかり元気に。勉強でも相当カロリーを消費するのだなと実感し、それ以来、ステップに行くときも必ずなにか食べ物を持たせるようにしています。
(中３／けんけんさん）
",,10/1/2023,6,TRUE,0,0,0
66,定期テストでのハプニング・失敗談【中学生保護者の声】 2.txt,"
解答欄のミスに戸惑い…
　定期テストは学校の先生の手作りなので、ときどきミスもあります。最初の定期テストで、先生が解答欄を作り間違えて、子供たちは１問目からどこに答えをかけばよいか戸惑うことがあったようです。先生は１組から順に各クラスをまわり、解答欄の記入方法を説明したようですが、息子のクラスは５組だったため、先生が来たのは試験時間が半分を過ぎたころ。初めてのテストで、そういうトラブルもあり、時間内に問題を解けなかったそうです。
　試験本番はいろいろなことが起こるものなので、失敗を経験しながら、臨機応変に対応できるようになってほしいと思いました。
(中３／Mさん）

「継続は力なり」を痛感した様子
　娘は、小学校のテストでは授業内、またはテスト前の休み時間に教科書をさーっと読んだりして、いい点数をとってきました。しかし中学生になり、定期テストも小学生のときと同様のやり方をしたら、成績がガタ落ち。この経験により、娘は「一夜漬けではなく日々の勉強の積み重ねが必要なのだ」と気付いたようで、今でも実践しています。「継続は力なり」ですね！
(中３／ダイエットの方は明日からさん）

テスト初日にインフルエンザで発熱
　親から見ていて、部活との両立を考えると、９科目のテスト対策は３週間前から少しずつ進めないと間に合わないな、という印象です。ですが、本人はそこまで前もって進めてはおらず…中１の３学期のテスト勉強は、おそらくいろいろ間に合っていませんでした。そんな中、テスト初日を終えて２日目の朝に39度の発熱。インフルエンザでした。２日目・３日目のテストは受けられず、２学期までのテストの点数等を考慮して成績がつくことに。
　息子は「勉強が間に合っていなかったからラッキー」などと言っていたので、「世の中そんなに甘くないから、今度はまじめにもう少し早めから始めよう」と伝えました。
(中２／かーにゃさん）

確認したおかげで、慌てず対応できました
　中１の学年末テスト。国語の文法問題で、「何度やり直しても自分の出した答えと一致する選択肢がなくて困った」と帰ってきました。本人は、前日のステップのテスト対策授業でくり返し練習したところなので、「間違うはずがない」と思い、慌てることなく近い数を選んだようです。
　テスト返しの折、国語の先生から解答に間違いがあったと説明があり、そこの点数はノーカウントに。「テスト前にしっかり確認できてよかった」と喜んでいました。
(中２／被子植物の母さん）

直前になってもワークと闘っていました
　娘は、歳の離れた姉から「学校のワークはできるだけ早めに終わらせるように」と助言を受けていたのですが、最初はスケジュール調整ができずに定期テスト直前になってもワークと闘っていました。それに懲りたのか、中１の終わりごろには、学校や家でスキマ時間にワークをどんどん進めて、定期テスト対策時にはワーク以外の勉強ができるようになりました。娘なりに自分の勉強方法を見つけたようでよかったなと思いました。
(中３／O．Rさん）

テスト前夜、お説教が長くなり…
　定期テスト前はさすがに本気で勉強するものだと信じていましたが、中２の前期中間テストの前日、まったく勉強せずに眠りにつこうとした息子へお説教しました。しかしお説教が長くなり、結局、勉強時間はさほど取れず、しまいには翌朝は寝坊し遅刻しかけるというありさま…（泣）。以後も定期テストが来るたび、親として冷静さを保つのに大苦戦しています（笑）。
(中３／Bさん）

範囲はしっかり勉強しなければと学びました
　中１の後期定期テストのとき、範囲が広くて勉強時間が足りなかったこと、自分が勉強したところがテストで出なかったことがとても悔しいと言っていました。テスト問題は自分が教わっている先生ではなく、もう1人の先生を中心に作られており、（テストに出やすい）「大事なところ」の認識が先生によってちがったよう。テスト範囲には変わりはないので、しっかり勉強しなくてはいけないと学びました。
(中３／シロクマさん）


",,1/12/2023,6,TRUE,0,0,0
72,大学3年生大きな声では言えない失敗談6選.txt,"バイトで月100時間労働
MAXで134時間、、勤務時間134h30m
大学1年の頃はバイト中心の生活を送っていました。 「あれ私バイトのために生きてる？」てなりました笑そこからやりたいことをやろうと決意。

全く身につかない英語力
英語の教材やレッスンに10万近くかけました...なのに勉強サボってたので英語力は全く身につかず。「まずは無料の情報試してみて」と過去の自分に伝えたい

理系科目で落単
全くわからない物理にチャレンジして撃沈。結局違う科目で単位を取りました！そこから少し履修登録は慎重になりました。

人に仕事を頼めない
サークルでリーダーをしていましたが、1人で仕事を抱えすぎてしんどくなってやめました。大変だったけど成長できるのでまたやってみたい！

初の営業で挫折
初のインターンでは成果が出せず悔しい思いをしました。今はこの経験をバネに成果を出そうと奮闘中です。

クレカの使いすぎ
1年の時、クレカの沼にはまりかけた…使い方次第では便利だけど気を付けないと後々大変。今はプリペイドカードにして使いすぎないように！
",,11/4/2023,4,TRUE,0,0,0
73,大学受験に失敗したら？進路の選択肢7つと落ちたらするべき3つのこと 1.txt,"「大学受験に失敗したらどうしたらいいのだろう」「大学受験で全落ちしたら浪人しか選択肢はないのだろうか」と不安な気持ちを抱えてはいませんか。

大丈夫です。あなたはまだ若いのです。これからまだ何にでもなれますし、いくらでもやり直しできます。

このコラムでは、大学受験に失敗した場合の選択肢と、次にするべきことを解説します。
大学受験に失敗した場合の進路の選択肢7つ

大学受験で落ちてしまった場合の主な選択肢として、次のような選択肢があげられます。

第一志望以外（滑り止め）の大学へ進学する
浪人する
専門学校へ進学する
就職する
フリーターになる
留学する
「ギャップイヤー」にする
1.第一志望以外（滑り止め）の大学へ進学する

少しでもその大学や、その学部、学科に興味を持っているなら、また、経済的に浪人ができないという場合には、合格している大学に進学するのが、最もよい選択肢だといえます。

第一志望校以外にも、試験に慣れるためや滑り止めとして複数の大学を受験している人も多いでしょう。

これらの大学の受験を考えたときにも、自分が将来学びたいこと、将来就きたい職業を考えて、進学する可能性のある大学を選んでいるはずです。

まずは目の前にひらけた道を進み、その大学で興味のあることを学んで将来を考えてみてはいかがでしょうか。

とはいえ、第一志望校に大きなこだわりがある場合には、不本意な大学へ進学することで学びのモチベーションが下がってしまい、実りある学生生活につながらないこともあります。

そんな場合、なかには大学に籍をおきながら再受験へ向けて水面下で受験勉強を続ける「仮面浪人」を選ぶ人もいます。
大学を休学して受験勉強に専念するケースもありますが、大学の授業や課題と並行して受験勉強もする場合には、決して楽な道ではないことを覚悟しておいてください。
そして、もしも再受験に失敗した場合には、気持ちを切り替えて在籍している大学で学べるのかどうかも、冷静に考えておくとよいでしょう。

2.浪人する

絶対に第一志望校へ行きたい場合、あるいは残念ながら全落ちした場合、経済的に余裕があるなら浪人して再受験することを選ぶ人がほとんどです。

滑り止めの大学に合格していたとしても、楽しんでその大学で学んでいる自分が全くイメージできない場合には、浪人するほうがよいかもしれません。

浪人するメリットは、行きたい大学へ進む夢を諦めずに済むこと。
デメリットは、精神的に大きな負担がかかることです。

浪人生の第一志望合格率は10％程度だといわれています。

途中でモチベーションを保ち続けられるかどうかが合否を分けるため、どうしてもその大学でなければならない理由がある人、コツコツと勉強し続けられる精神力のある人向けの選択肢です。

浪人には、大きく分けて、自分で勉強する宅浪と、予備校に通って浪人する2つの方法があります。

宅浪の場合、費用はそれほどかかりませんが、スケジュール管理が甘くなること、共に勉強する仲間がいないためモチベーションを保つのが難しくなることなどが、大きなデメリットです。

一方、予備校を利用する場合には、大きな費用負担がデメリットですが、勉強のスケジュールを組みやすいことや、仲間とともに切磋琢磨できる環境が手に入ることがメリットです。

3.専門学校へ進学する

就きたい職業がイメージできているなら、その職業に直結する知識やスキルを学べる専門学校へ進学するのがおすすめです。

その職業に関する実践的な内容を学び、将来の仕事に繋げていくのが専門学校の特徴。

公務員・法律・政治、ビジネス、ホテル・ブライダル、デザイン・写真、コンピュータ・ゲーム、調理・製菓など、さまざまなジャンルの専門学校があります。

また、専門学校によっては、大学への編入が可能となるルートを設けているところもあり、ここでしっかりと学べば大学進学を諦めずに済むかもしれません。

3月末まで学生を募集している専門学校もいろいろあるので、自分のやりたいことにマッチするところを探してみましょう。

4.就職する

経済的に浪人や専門学校への進学は厳しいと諦めて、就職する道を選ぶ人もいます。

親から自立できるメリットがありますが、実際には高卒の募集は少なく、就職先の選択肢が狭くなってしまうというデメリットもあるため、あまりおすすめはできません。

就職するのが前提なら、できればまず専門学校へ進んで、知識とスキルを身につけるのがよいでしょう。

いったん就職して、実社会の中でさまざまな課題を見つけながら、自分で費用を貯め、また大学を目指す人もいます。

経済的基盤を作りながら、自分の道を探るのもよいかもしれません。

5.フリーターになる

納得できる進学先が見つからず、就職も浪人できない、という場合には、ひとまずアルバイトを始めてみるという方法もあります。

しかし、フリーターの身分は安定性がないため、将来どのような働き方ができるかが見えなかったり、アルバイトでいくら頑張っても収入アップが見込めなかったりする場合は、あまりおすすめできません。

一方で、社員登用制度のあるアルバイトや、今後本格的にやってみたいジャンルの仕事であるならば、アルバイトから経験を積んでさまざまなことを吸収していくのもよいでしょう。

この先の進み方を考えながら、一時的にフリーターとして過ごすのなら、おすすめの選択肢です。

6.留学する

思いがけずできた自由な時間です。この機会にと海外留学を選ぶ人もいます。

異文化の中に身を置き、語学を身につけながら、自分のことや将来のことをじっくりと別の視点から考えてみるのも悪くありません。

語学・カルチャーなど、海外でなにか習得したいことがある人にはおすすめです。

ただし、費用面はかなりかかります。

ただの気分転換や旅行気分ではなく、しっかりとした目的を持って行きたいもの。

将来の道につながる有意義な期間にできるよう、行き先や学校などを選びましょう。
",,15/1/2023,8,TRUE,0,0,0
74,大学受験に失敗したら？進路の選択肢7つと落ちたらするべき3つのこと 2.txt,"
7.「ギャップイヤー」にする

イギリスで誕生した「ギャップイヤー」とは、「高校卒業後、すぐに大学に入学せず、人生経験をつんだあとに改めて入学する」という制度で、ヨーロッパでは一般的です。

ギャップイヤーの期間は、留学や旅行、ボランティア、コンテスト参加など、人それぞれの過ごし方をします。

ギャップイヤーでさまざまなことを経験してから入学する学生の中退率は低い、大学で学ぶ意義が明確になり勉学に励む傾向がある、など、ギャップイヤーの効果はデータでも示されています。

進路や人生を見つめるという意味ではよい選択肢ですが、日本ではあまり一般的ではないので、周囲の理解が得られにくいかもしれません。

ギャップイヤーには、主に2つの方法があります。

1.進学する学校を決めたあとに、入学を遅らせる
2.進学先を決めずにギャップイヤーにする

大学受験に失敗してギャップイヤーを選ぶのなら(2)のケースになりますが、のんびりと過ごすのではなく、有意義な時間としたいものです。

大学受験に失敗して立ち直るのが難しいあなたへ

大学受験に失敗すると、大きなショックを受けたり、落ち込んだりするでしょうが、数字で見る限り、受験に失敗するのは珍しいことではありません。

2020年の高校卒業者のうち、大学・短大への現役進学率は約55％。専門学校への現役進学率が約17％、予備校に入学した人は3％弱となっています。

現役で大学や短大に進む人は半分ほどしかおらず、残りはさまざまな道を進んでいるのです。

落ち込みすぎてしまう要因

受験の失敗で落ち込む要因として、さまざまなことが挙げられます。

大学進学だけを目指して勉強してきたので、目標を見失う
これまでの頑張りが報われず、虚しい気持ちがする
自分が情けなくなる
合格した友人や同級生たちの輝かしい様子と自分を比べて、惨めな気持ちになる
期待をかけてくれた親や先生たちに申し訳ない気持ちになる
気持ちを切り替えて前に進もう

それでも、あなたがこれまで頑張ってきた日々は無駄ではありません。

今までの受験勉強で、あなたには努力する力が身についています。

この先どんな道を選択しても、またそこで努力することで、きっと未来は開けます。

あなたの人生は、始まってからまだたった18年ほどしか経っていません。

まだこれから、さまざまな選択肢があるのです。

気持ちを切り替えて、前に進んでいきましょう。

大学受験に失敗したら次にするべきこと3つ

気持ちを前に進めようというタイミングで、した方がよい3つのことをご紹介します。

落ち込みすぎる必要はないが、自己分析はしてみよう

前述のように、落ち込みすぎる必要は全くありません。

しかし、失敗には原因があるはずです。

その原因を自分なりに分析してみることも、次に失敗しないためには大切です。

もう一度大学受験に挑戦するのなら、その分析はそのまま活かせます。

「勉強のスケジュールは目標に見合っていたか」「モチベーションは十分に保てたか」「使用した参考書や問題集は自分にあっていたか」「塾や予備校はあっていたか」など、一つひとつ、分析してみましょう。

また、もしも別の道を歩むにしても、あなたが失敗した原因を自己分析した結果はきっとこの先、役に立ちます。

自分の進路ややりたいことについて改めて考える

先日ご紹介した7つの選択肢（滑り止めの大学に進学、浪人、専門学校、就職、フリーター、留学、ギャップイヤー）を、ぜひ十分に理解しておいてください。

そのうえで、「自分は本当はどうしたいのか」あるいは「絶対にこれは嫌だという選択肢はあるか」をよく考えてみることです。

大学や専門学校へ進学する場合は、4月の入学となりますので、3月中に手続きをする必要があります。

特に、気をつけておきたいのは専門学校の場合です。

3月末まで願書を受け付けるところもある一方で、定員に達すると募集終了となるところもあります。希望する専門学校がいつまで受付をしているか、早めに調べておくとよいでしょう。

予備校へ進むなら、3月・4月までに入学するのがおすすめです。

その理由としては、次のことなどが挙げられます。

4月からカリキュラムがスタートする
基礎力をつけるための授業は、4月から夏期講習までの期間に組まれている
春は入学金や授業料免除の特典が組まれている場合がある
春に入学する生徒が多いので、ともに学ぶ仲間ができる
浪人生に必要な基礎学力を強化し、また切磋琢磨しあえる仲間に出会えることがモチベーションにつながります。

まずは自宅で勉強してみてから、予備校に入るかどうか検討したい、という人もいるでしょうが、本気でやるなら早めのスタートが肝心です。

親に自分の意思を伝える・話し合う

多くの場合、進学や予備校の費用の多くを負担するのは保護者です。

だからこそ、保護者に自分の意志を伝え、よく話し合って進路を決めましょう。

本当に自分がやりたいことは何なのか、そのために今、どんなことをすればいいのかを、じっくりと考え、話し合うときです。

保護者からの経済的な支援が得られない場合には、簡単なことではありませんが自分で学費を貯めて、また改めて大学に挑戦するのもよいのではないでしょうか。

あなたの未来を作るのは、あなた自身です。落ち込んでばかりでおらず、前に進みましょう。

まとめ

このコラムでは、大学受験に失敗してしまった場合の選択肢や、次にするべきことについて紹介しました。

ただ1度の失敗であなたの人生が終わってしまうわけではありません。今こそ、自暴自棄にならず、じっくりとこの先のことを考えるときです。

あなたにとって、最もよい選択ができることを祈っています。
",,24/4/2023,8,TRUE,0,0,0
77,入試当日の失敗談・エピソード…今春卒業生の声を集めました 1.txt,"今回は、大学受験ステップの今春卒業生に聞いた、大学入試当日のエピソードや、入試直前期の過ごし方を紹介します。
　当日のエピソードでは、予想外のハプニングや、笑えない失敗も…。ハプニングや失敗はないに越したことはありませんが、先輩たちはそれを乗り切ってきたというのも事実です。「こんなこともあるんだ」と参考にして、何かあっても焦らないようにしましょう。
※大学名は進学先です。ここで紹介しているエピソードの場面となった大学とは限りません。
大学までの道で…

試験会場の渋谷に向かうために湘南新宿ラインを使うつもりが、間違って上野東京ラインに乗車してしまい…。しかも、電車の中で勉強に集中しすぎて、気付いたきっかけは「次は終点、上野〜」という車内アナウンス。遠回りしたものの、なんとか時間ギリギリに会場に到着できました。電車に乗るときは路線や行き先をよく見ましょう。
（電気通信大）
併願校の入試日、小田急線・山手線で大幅な遅延が発生。遠回りして会場近くまで行き、さらにバスで会場に向かうことに。その途中でスマホを落とすハプニングも…。この日は呪われていたとしか思えない。
（慶應義塾大）
電車を２回ほど乗り違えていたらしく、まったく知らない場所に。幸い、試験開始１時間前に着くように家を出ていたので、そこから会場に向かって無事試験に間に合いました。内心ヒヤヒヤでした。
（日本赤十字看護大）
大学に近づくにつれて、電車の中は受験生らしき人ばかりに。意外にみんな、当日の電車の中では勉強しないんだなと実感。そういう自分もずっと音楽を聴いていましたが。
（慶應義塾大）
第一志望の入試当日、時計を忘れたことに気付き、試験会場近くのドン・キホーテで時計を買ってから会場に向かいました。
（上智大）
朝５時に起き、６時半に家を出発。余裕をもって到着するも、９時からしか会場に入れず、外で待つはめに…。余裕の見過ぎも悪手？
（埼玉大）
道順を確認しておいたのに、当日道に迷い、パニックに…。制服を着た青いリュックの人に半信半疑でついて行ったら無事試験会場に到着。帰り道でも、その青いリュックの人を見かけ、恩人に向かって手を合わせて拝みました。
（慶應義塾大）
会場に向かう受験生の集団の先頭にいたのですが、道を間違えてしまいました。後ろにいた人たち、ごめんなさい。
（横浜国立大）
入試に向かう電車の中で、高確率で乗り物酔いした。自分の三半規管の弱さに絶望。酔いやすい人は、酔い止めの薬を飲んでおきましょう。
（上智大）
入試の日は朝早く起きることが多く、電車の中で寝てしまっていましたが、今にして思うと、かなりリスキーなことをしていたと反省しています。
（中央大）
最寄り駅から大学の門までは10分程度でしたが、門から試験会場まで20分雪道を歩くことに…。
（北海道大）
◎電車が遅延したり、道に迷ってしまったり…。予想外の出来事が起きても、落ち着いて行動できるといいですね。
試験中に…

一番最初に受けた入試は自分でも信じられないくらい緊張した。緊張のあまり、数学でマークミスをしていたことに気付かず、大問２つすべて落としてしまっていた。
（青山学院大）
昼食後の試験中に10分ほど腹痛に襲われたことが…。それからの入試では昼食後に必ずトイレに行くようにした。
（早稲田大）
共通テストは長丁場なうえ、イスが硬くてすごく疲れました。
（東洋大）
赤本で練習していた傾向から、がらりと変わっていて絶望した。
（学習院大）
共通テストの最初の社会でのハプニング。前日に爪を切っていたせいで、冊子を包んでいたフィルムがなかなか開かず、試験監督を呼ぶはめに。
（横浜国立大）
試験中、鼻水が止まらなくなり、マスクの中がドゥルドゥルになって焦りました。
（青山学院大）
◎緊張のあまり思わぬアクシデントに見舞われたり、問題傾向の変化で動揺することも…。焦る気持ちを抑え、平常心で対処しましょう。
休み時間に…

数学の試験が難しく、その後の休み時間でトイレの個室からは泣いている人の嗚咽がこだましていました。
（東京海洋大）
共通テスト２日目、お昼休憩のときに、友達と話し込みすぎて、昼食を食べ損ねました。
（横浜国立大）
横長の机の真ん中の席で、トイレなどに行きづらくて大変でした。
（立教大）
第一志望が最後の試験だったのですが、その日のお弁当の中に「１年間、おつかれ」と書いてある家族からの手紙が！　嬉しかった。
（早稲田大）
休み時間にスマホをいじっている人がいたが、気にせず自分は最後の最後まで勉強した。自分のペースを守るようにしていました。
（明治大）
緊張しすぎて昼食があまり食べられなかった。まさか自分がそうなるとは…。
（学習院大）
男女問わず、とにかくトイレが混んでいた。すいているトイレを探すか、時間に余裕を持ってトイレに向かうべきだと思います。
（中央大）
◎休み時間に友達、先生、家族からのメッセージに励まされたという先輩が多数。また、「トイレが混むので注意！」というコメントも複数見られました。
他の受験生が…

第一志望の試験会場で隣にステップ生の友達がいて、驚いたと同時に心強かった。
（法政大）
隣の人の消しゴムを使うときの力が強くて、机が揺れるのが気になった。
（千葉大）
「周りの人が頭良く見える現象」に襲われましたが、ステップの先生からの「自分のことに集中せよ！」というアドバイスのおかげで冷静になれた気がします。
（早稲田大）
併願校での入試で、昼食後のテスト中にいびきをかきながら寝ている人がいて、ある意味感服した。
（横浜国立大）
思っているよりも、答え合わせをする周りの声は聞こえてしまうもので…。聞かないようにひたすら意識していました。
（慶應義塾大）
休み時間に激しく貧乏ゆすりをしてしまっていたらしく、後ろの席の人に怒られてしまった。
（京都大）
前の席の人がステップの数学αテキストを解いていて、謎の安心感を得ました。
（慶應義塾大）
自分の前に座っていた人の携帯が鳴ったが、試験官が探し当てる前に鳴り終わり、携帯の持ち主を特定しようと、試験官が自分の周りをグルグル…。なんだか落ち着かなかった。
（法政大）
◎会場で友達や知り合いと遭遇して、勇気付けられたという先輩が複数いました。当日、会場を見渡して探してみては？
その他",,6/3/2023,14,TRUE,0,0,0
78,入試当日の失敗談・エピソード…今春卒業生の声を集めました 2.txt,"受験票を忘れて、人生の中で一番焦りました。
（立教大）
朝の目覚ましを５分おきに10個くらいセットしたが、杞憂だった。最初のアラームで目がばっちり覚めた。
（千葉大）
受験票を印刷し忘れていて、入試当日、セブンイレブンでネットプリントしました。
（早稲田大）
前日の夜は早く寝ようとしていましたが、なかなか寝付けず結局３時間程度しか眠れなかった。自分でもよく受かったなと思います。
（北海道大）
試験前日に見たドラマの主題歌が、ずっと頭の中をぐるぐるリピートして焦りました。
（法政大）
試験当日、気合いを入れて、新しいパンツをはいて行ったが、肌に合わなくて気が散りました。何事もふだん通りにすることが大事です。
（明治大）
スマホを忘れてしまい、「何かトラブルがあったらどうしよう」と気が気じゃなかった。
（県立保健福祉大）
前泊だったので、ホテルが試験会場まで送ってくれて、とてもスムーズだったのですが、帰りはホテルのバスが発着する駐車場まで自分で行く必要がありました。そして、試験会場からその駐車場までの道で見事迷子に。キャンパスの森の中を放浪しました…。ホテルに帰るまでが受験です。
（筑波大）
休み時間中に、「受かったときのための物件、決めといたよ」とのLINEが来ていました。気が早すぎるよ。
（東京農工大）
入試直前期の過ごし方、生活面で気を付けたこと

共通テストリサーチできれいにそろったＥ判定に打ちのめされましたが、そこから奮起して、とにかく勉強しまくりました。食事中、お風呂の中、併願校の試験の帰宅途中も勉強。最後まで諦めなくて良かったです。
（電気通信大）
２日連続で試験があるときなどは、何よりも体を休めることを優先していました。
（早稲田大）
Ｒ-１ヨーグルト、納豆、梅干しを毎日食べるようにしていた。
（東洋大）
毎日を入試当日と思って、試験日と同じような生活リズムを心掛けた。
（法政大）
今まで解いてきた過去問や単語帳の見直しをした。また、夜は遅くまで勉強せず、日付が変わる前に寝るようにしていた。
（明星大）
常にふだん通りの生活を心掛けた。第一志望の試験前日だからといって、極端に早く寝たりはしなかった。
（千葉大）
海鮮系などあたるかもしれない食べ物は避けていました。
（北海道大）
第一志望の試験直前一週間は22時に寝て、６時に起きる生活リズムを徹底しました。
（筑波大）
いくら勉強したいと思っても、睡眠時間は削りすぎないようにした。
（宇都宮大）
感染症対策を徹底して、生活リズムを朝型にしました。
（早稲田大）
１月頃から寝るときに緊張するようになったので、ステップのチューターに相談したら、寝る前に温かい飲み物を口にすることを勧められた。おかげで寝付きが良くなった。
（筑波大）
寝不足にならないようにだけ気を付けた。
（横浜国立大）
運動したり、動画を見たりして息抜きも大事にした。平常心でいられるように心掛けた。
（慶應義塾大）
スマホをあまり見ない。見ていると寝る時間が…。
（青山学院大）
緊張やストレスをためないように、音楽を聴いていた。
（北海道大）
試験時間に合わせて勉強していました。他には、YouTubeでモチベの上がる動画を視聴していました。
（明治大）
朝、ステップに着いたら紙パックの「１日分の鉄分のむヨーグルト」を一気飲みして、自習室に行くのがルーティーンでした。
（東京都立大）
食事は、母が「赤本合格レシピ」という受験生向きの料理を作ってくれていたので、それが良かったのかなと思っています。
（上智大）
◎直前期は体調を優先させ、睡眠時間を確保したというコメントが多数。勉強面では新しいことを始めず、復習中心に進めたという先輩が多かったようです。
",,1/5/2023,14,TRUE,0,0,0
84,不登校から進学して、大学生活で大失敗した話.txt,"私は結局、一年間浪人した後に立命館大学の文学部に入学しました。
不登校の経験がある人間としては、それなりに「頑張ったね」と周りから言われる学歴です。
でも別にそこに入学したかったわけではありません。
文学部で哲学を専攻していました。でもそこまで哲学に興味があったわけではありません。
予備校の模擬試験では志望校を記入しますが、志望校一覧表の立命館大学の欄で一番上が哲学だったというだけです。
とっても斜に構えた、なんだか思春期や反抗期が遅れてやってきたような、面倒くさい大学生になってしまいました。
自分を大切にしない人間になっていました。
そのくせとても傷つきやすいのです。
大学生活では、親元を離れて一人暮らしをさせてもらいました。
頑張ってみたのは少しの期間だけで、すぐに生活リズムが崩れて、学校の授業もしばしばサボるようになりました。
例えば友人と遊びまわって自堕落になるのなら、まだ良かったのにと思います。
私はただゲームをして映画やアニメを見ていました。
楽しくないわけではないのですが、それ以上に惰性で時間を浪費することの方が多かったと思います。
楽しい時間や、充実した成果を産み出さず、ただ何かを消費し続ける生活でした。
私は大学ではサークルや部活にも参加しませんでしたし、学外でも誰とも人間関係を築けませんでした。
ますます大学に登校する意義を失い、単位もたくさん落としました。
結局、四年間で友人もできず、学業でも失敗し、就職活動もしないまま、ただ卒業しただけの大学生活でした。
大学にせよ専門学校にせよ社会人にせよ、主体的に自ら行動することこそが大事であったはずです。
しかし私はそれが全くできないのに、そこへ飛び込んでしまいました。
人間関係を拡げていくという作業に、とてつもないエネルギーが必要で身が竦んでしまう一方で、私には独りでいることへ強い耐性が出来上がっていました。
だから必ずしも一人暮らしをすることも、大学のキャンパスで独りぼっちでいることも、不可能ではなかったのです。
 
結局、自分から一歩踏み込むことはできず、大抵の場合は消極的な選択をして、誰かが何かをしてくるのを独りで待ち続けるというスタイルになってしまったのです。
もともと人見知りで、他人の顔色を伺うような傾向はあったと思います。
しかし不登校によって自分の進路が社会や世間の中心から一度それてしまったこと。
「もしかしたら」の話にすぎませんが、そのせいで「自分から他者に積極的に関わることの大切さ」を学び訓練する時期を失ったのかもしれません。
大学進学は確かに若者が通過する進路においてど真ん中の道だと世間では考えていると思います。
しかし私はそのメインストリートにあっても内に引きこもっていたのだと思います。　　　　　
中学生時代、学校に行かず「世間の外で孤独でいる」不登校の状態から、大学に行って「世間の中で孤独でいる」状態となっただけで、結局のところあまり大差はなかったのです。
もちろん不登校の生徒のみんながそうなるわけではありません。
しかし頑張って大学に進学、あるいは就職した後になって、大きな困難に直面する人は少なくないと思います。
私の場合は、人とのコミュニケーションを面倒くさがって、社会に関わることに冷めた意識を持っていました。
そして何事にも投げやりな態度を取り、自分自身を大切にしない生き方をしてしまいました。
その結果、『進学しただけ』になってしまい、苦労して手に入れた学歴と払った学費が無駄となったような、大きな罪悪感を今も抱えています。
不登校になったことはそこまで悔やんでいません。
でも大学時代以降の自分の生き方は、今でも後悔しています。
",,27/7/2023,4,TRUE,0,0,0
87,受験勉強の失敗談.txt,"私の失敗は、２年生の夏から塾に通っていることに安心してしまったことです。 私の周りの友人はまだ塾に通っておらず、「私は早くから通っている」という気持ちで３年生の夏前まで過ごしてしまいました。
塾に通っていたということもあり、２年生の模試や、３年生の第１回目の模試の成績が、周りの人よりも良かったことも影響したと思います。
マナビスで受講していれば今まで通り成績は伸びる、そう思い、復習をせずに受講をハイペースで進めて行く形で勉強をしていました。
そしてそのまま、第２回目の模試を受けました。

結果は予想できたかと思いますが、偏差値は下がってしまい、中でも英語の偏差値は40台前半でした。
私は、模試の当日から、全くできなかったことを実感し、塾で校舎長の方に今までのあれこれを話し、そのあと一人で泣きました。
これが、私が変わるきっかけになりました。

それから、時間はかかりますが、今まで復習しなかった分の受講の見直しや、弱点の徹底強化のため、単語、長文などありとあらゆる方向から勉強をし直しました。
また、模試の結果を見てこのままでは本当に志望校にはいけない、今まで通っていた時間が無駄になってしまうと奮起し、改めて志望校への気持ちと、受験までのプロセスを見直しました。
そして、開館から閉館まで毎日必死に勉強する日々を送り、第３回目の模試で、受験科目全て偏差値60以上、英語は62をマークしました。
それからもモチベーションを保ち続け、無事に志望校に合格することができました。
受験勉強を始めるタイミングは人それぞれですが、成長のスピードは、個人の頑張り次第です。
特に早く受験勉強を始めていた高３生、今すでに受験を意識して勉強をしている高１、２生のみなさんにも、きっと私のような気待ちを抱いている人がいると思います。
しかし、勉強は一朝一夕ではありません。早く始めている人は、復習をしなければ、その分昔やったことはすぐに忘れてしまいます。自分が早くから始めている、今は模試の成績がいいと思っていると、すぐに周りの努力している人たちに追いつかれ、追い抜かれます。

志望校への気持ちを一番に持ち、自分はまだまだと謙虚な気持ちを持ちつつ、日々努力して行くことが、受験を成功させるための一番大切で、必要なことだと思います。",,3/12/2023,8,TRUE,0,0,0
5,「やっちゃった……」今だから言える高校生の大失敗エピソード2.txt,"苦手な運動、もっと頑張ればよかった
私は運動において「落ちこぼれ」でした。学園祭でダンスを踊ることになったときも、飲み込みが遅かったものです。みんなが練習を終えた後も居残りをしていましたが、クラスダンスの責任者から「かんちゃん、ダンスの追試やな」と言われて、とてもストレスがたまりました。
自業自得ですが、やり場の無いモヤモヤした気持ちが収まりませんでした。
今振り返ると、もっと努力できなかったものかと思っています。これからの人生においては、できるだけそんな後悔をしないように頑張ろうと思う、今日この頃です。(かんちゃん＝3年)
",,27/9/2023,5,TRUE,0,0,0
7,「やっちゃった……」今だから言える高校生の大失敗エピソード3.txt,"勉強と部活の両立ができずに退部
途中で諦めてしまったことが心残り
自分は勉強と部活をうまく両立することができませんでした。部活では途中から人間関係がうまく行かなくなり、試合にも出る機会がなくなってきて、部活自体にも欠席するようになりました。
色んな先輩に助けてもらっていたのに、途中で心が折れ、高2の夏「あともう半年頑張れば引退」という所で辞めてしまいました。今思えば、「もう少し良い方法はなかったのか？」と感じています。(ちーちゃん=3年)
",,7/3/2023,5,TRUE,0,0,0
62,就活の面接時によくある失敗例｜学生による体験談や人事担当者の経験を紹介.txt,"就活生にとって就職面接は初めての経験です。「緊張しすぎて志望動機がしどろもどろになってしまった」「先に隣の人に自分が考えてきたことと同じことを言われてしまい、頭が真っ白になってしまった」など面接時の失敗は珍しいことではありません。

緊張を完全になくすことはできませんが、多少やわらげて面接で十分な力を発揮するには“失敗はするもの”という心構えと面接の“事前の準備と練習”が大切です。

面接対策セミナー「志望動機の答え方」

面接時のよくある失敗
面接を受ける際に、これまでどんな失敗が多かったのかを把握して対策を打っておくことも有効な手段です。面接前の準備と練習によって、たいていの失敗事例は未然に防ぐことが可能です。

自分の話をしている途中に質問の内容がわからなくなってしまい、どのように話を締めたら良いかわからなくなってしまった
緊張しすぎて頭が真っ白になってしまった
初期の頃、面接時のマナー（座るタイミング・お辞儀をするタイミング）を把握できていなかった
初めての最終面接、何とかなると楽観的に考えていたら頭が真っ白になってしまった
企業研究が甘かったために、最後に「何か質問ありますか？」と聞かれた時に何も答えられなかった
ゼミの話をした際に、あまり勉強してこなかったことに気づかれてしまった
圧迫面接で謝罪ばかりしていた
人事担当者から聞いた、面接での不合格理由例

さて、実際に人事担当者からは、どういった理由で面接NGになるのでしょう。人事担当者からのコメントとともに、代表例をご紹介します。

入社希望の熱意が伝わってこない

志望動機がありきたりで、他社でも通じてしまうような内容のため、企業への入社志望がよくわからない。（企業理念に共感しました／商材に興味を持ちました／研修制度が充実　など）

関連する記事
【就活生向け】履歴書と同じで大丈夫？面接での志望動機・志望理由・自己PRの伝え方
面接対策セミナー「志望動機の答え方」
よく聞かれる質問とそうでない質問の回答のギャップがありすぎる

長所・短所、学生時代に頑張ったこと、アルバイトについてなど履歴書に書いている質問については話ができるのに、履歴書には書いていないその他の質問では全く答えることができず、柔軟性に不安を感じる。

質問に対して異なる回答が返ってくる
「自己PRをお願いできますか？」という質問に対し、志望動機など準備していることを話そうとするがために質問に対して異なる回答が返ってくる。

学生からの質問が全然ない

最後に質問ありますか？と聞くと「ありません」と答え、うちの会社には興味がない、と感じた。

関連する記事
逆質問
緊張されていたのかとは思うが、笑顔がなく覇気も感じられない

コミュニケーションに不安を感じた。

「失敗はするもの」と考える

緊張する理由のひとつとして「失敗してはいけない」と過度に思うことがあります。完全に緊張をなくすことはできませんが、面接を受ける前には「失敗してはいけない」と考えず「失敗はするもの」と考えましょう。それだけで緊張がやわらぎます。

ワンポイントアドバイス
あなただけではありません。みんな緊張して面接に臨んでいます。
面接前の準備と練習によって、いくつかの失敗を未然に防ぐことが可能です。
「失敗してはいけない」と考えず「失敗はするもの」と考えましょう。
",,21/8/2023,9,TRUE,0,0,0
71,大学生活の印象的な失敗談.txt,"▼課題の提出期限ギリギリに研究データを消してしまった。データはこまめに保存しよう(理学部4年・男子) 

▼レポートの質にこだわって、深夜までパソコンに向かっていたら寝落ちしてしまった。起きたら提出期限が過ぎていた…… (工学部2年・男子)

▼知り合いが自分に手を振っていると勘違いし、ハイテンションで振り返したら別人だった。ひたすらに謝り続けた(文化社会学部1年・女子)

▼サークルの友人と些細なことでケンカになってしまった(観光学部3年・女子) 

▼友人にアニメのイラストをスマートフォンの待ち受けにしているのを見られ、引かれた (情報通信学部2年・男子)

▼20歳になったとき、日ごろの感謝を込めて両親を食事に連れて行った。しかし、そのレストランの食事がまずく、両親は苦笑いだった(教養学部3年・男子)

▼学科の8割が男子なので、自分がモテている錯覚に陥った時期がある(理学部4年・女子) 

▼好きな子にフラれてしまったショックで、しばらく大学に行けなかった(法学部4年・男子)

▼サークルの新入生歓迎会に参加しなかったせいか、打ち解けるまでに時間がかかった(文学部3年・女子)

▼翌日から始まるサークルの合宿のために買った洋服やカバンを、帰りの電車の網棚にすべて忘れて大ショック!結局持っていくことができなかった(政治経済学部3年・女子)

▼アルバイトのシフト希望表を大学の先生に送ってしまった (情報理工学部3年・女子) 

▼給料が入ったその日に豪遊して、ほとんどなくなった(体育学部3年・ 男子)

▼アルバイト先で商品を10万円分ほど余計に発注してしまった。今、自分で売り場を拡大して販売している(情報通信学部3年・男子)

▼バイト先の業界用語を店内で叫んでしまい、お客さんにとても変な目で見られた(教養学部1年・男子) 

▼居酒屋でアルバイトをしていた際に酔っぱらったお客さんに絡まれた。店長に相談したが、「そんな考えじゃ居酒屋では働けない」と叱られ、辞めた。バイト選びは慎重に(情報通信学部4年・女子)

▼電話をかけたときに、何を話すのかをど忘れして、しどろもどろに……。変なことを言ってしまい、冷や汗が出た(文学部3年・女子)

▼電車に乗る際に、交通系ICカードをよく落とす(農学部2年・女子)

▼サークルの予定をしょっちゅう忘れる(海洋学部1年・男子)

▼早起きして出かける準備をしたのに、時間が余りすぎて二度寝。結局遅刻した (文学部2年・男子) 

▼終電を逃し、家まで10㌔歩いて帰った(体育学部4年・男子) 

▼スマートフォンのゲームに課金しすぎて、食費を削るはめに(法学部3年・男子)

",,29/10/2023,4,TRUE,0,0,0
102,留学失敗　ある留学失敗体験記.txt,"下記の手紙は、独力で留学準備をされ、苦い体験をされた方のお手紙をそのまま掲載したものです。
　私は19歳の学生です。私の体験談が少しでもこれから留学する方々の参考になればと思い、手紙を書かせていただくことにしました。少しでも目を通していただければうれしく思います。私は昨年の3月から今年の1月まで海外留学をしていました。はじめカナダのコミュニティーカレッジのESLに5カ月間通い、そこからアメリカのユタ州にあるＳカレッジのESLへ移りましたが、そこでたくさんの苦い経験をしました。
　
　このカレッジは買い物ひとつするのにも大変不便な田舎にありましたので、それと知らずにやって来た留学生は私も含め文句ばっかり言っていました。でも私が味わった経験はそんなことよりももっとひどくて、これから留学する人たちにはこの学校を絶対お勧めしたくないと強く思いました。

　その一番の理由はこの学校の留学生に対する考え方です。ホームスティを申し込んでも、希望通りの家族を紹介してくれません。子供のいない老夫婦を希望しても当たったのは子供がいる若夫婦だったり、希望と反して1ルームを2人でシェアしなければならないところを紹介されたり（しかもシェアでも1ルームと同じ金額）、エアコンディションの条件が悪いところを紹介されたりという具合で、私の友人達は大体希望とは全くちがう家族を紹介されていました。
　
　私の場合も、まともなご飯を作ってくれず、部屋に勉強机も用意してくれない家庭を紹介されました。「勉強が出来なくて困るから用意して欲しい」と何度も頼みましたが、その度に「来週には来るから」とごまかされ続けました。なんのために私が学校に行っているのかこのファミリーの人にはわかっていないようだったので、インターナショナルアドバイザーにちがう家庭に替えて欲しいといったところ、もう少し辛抱するようにいわれましたが、替えてくれるよう言い張って別のホストファミリーのリストを見せてもらったのですが、空いているファミリーは３件しかなくて、しかもそのうちの２件は隣町に住んでいる家庭でした。私が「どうやって隣町から登校するんですか？」と聞くと、「毎朝車で送ってくれるとは思うが、はっきりしないのでやめておいたほうがいい」との無責任な返事でしたので腹が立ちました。残りの１件は近くに住んでいたので訪問してみると、来学期から別の日本人の女の子もここの家にスティすることが決まっていると突然言われ驚きました。アドバイザーからこんな話は一言も聞いていなかったからです。一人でホームスティしたかった私は仕方なくそこの家はあきらめ、他の先生に相談しましたが、他に候補がない以上今の家に留まるかアパートに移るかの選択しか残されていなかったのですが、一人所有するアパートは値段が高く、シェアする場合でも４〜８人でキッチンやバスを共同使用しなければならないという状態でしたので、泣く泣く今までのホストファミリーに留まることにしました。

　しかし、私が新しいホストファミリーを探していたことが、このホストマザーの耳に入ってしまい、マザーから嫌がらせらしいこともされたりしました。こんな環境が嫌でもうこのカレッジを去ろうと決めて、本当は行く予定だった次学期を取りやめにして出ていく準備をしていたところ、アドバイザーから電話があり「カレッジへ行く意志がないならあなたがここにいる事は不法滞在です。すぐここを去りなさい」と言われてしまいました。そこで、返してもらえるはずのホームスティデポジット（預かり金）＄150と日割りにした分の残りの分のお金を返してもらえるようホストマザーに頼んだら、あれこれと言われて結局返してもらえぬまま帰国してしまいました。

　帰国後すぐにアドバイザーに手紙を書いて返金を求めましたが、「ホストマザーはあなたに残りのスティ代は返したし、デポジットはあなたの部屋が汚かったため返さないと言っている」という返事が来たので、返金してもらっていない旨を書いて再度手紙を出しましたが、返事がきません。

　この事があって、アメリカを思い出す度に言い知れぬ嫌悪感に襲われます。勉強しに行ったはずがこんな苦い思いをしなければならないなんて、ちゃんと勉強をしたいという意志で留学する人達に同じ思いをして欲しくありません。だから、ユタ州のＳカレッジだけはおすすめしません。もし、何かの参考にしていただければ嬉しく思います。
",,8/2/2023,11,TRUE,0,0,0
2,【新人は失敗だらけ？】入社一年目の失敗を出版社の先輩たちに聞いてみたら15.txt,"社長のコートがない！犯人は…

自分の失敗じゃないですが、衝撃的だったのは飲み会で社長のコート（高級）を、新人の方が取り違えて着ていってしまったこと。みんなでコート探しました。（新卒入社・人事・女性）",,19/12/2023,15,TRUE,0,0,0
27,「やっちゃった……」今だから言える高校生の大失敗エピソード5.txt,"電車通学で失敗、暗黙のルールに気付けず
電車でのマナーを知らなかったばかりに……
１年生のころ、電車の乗り方がわからずに周りの方に迷惑をかけてしまったことがあります。
帰宅する電車でのことでした。降りる一つ手前の駅が他路線との乗り換え駅なのですが、ちょうど乗っていたのが改札や乗り換え口に近く、その駅に着くと「いったん車両の半分以上の人がホームに降りる」という不文律がある車両でした。
高校に通い始めたばかりでイヤホンをしていた私は、その暗黙のルールを知らず、ドア前という最悪な位置で立ち止まってしまいました。見かねたサラリーマンの方から軽く怒鳴られ、ようやく事態がつかめました。
以来、電車でイヤホンを使うときはボリュームを小さ目にし、その駅では必ずいったん降りるようにしています。(タムカイ＝3年)",,15/11/2023,5,TRUE,0,0,0
25,7つの失敗例から学ぶ「繋がる」コミュニケーション.txt,"1. 従業員の団結力が弱い
団結力の強い組織では、同じ部署で働く従業員だけでなく、従業員全員がチームワークや意義のある関係を重視します。一体感を高めることで、同僚は同じ目標に向かって取り組むことができます。
同じ部署に所属していない従業員との間に距離を感じると、コミュニケーションの質は低下します。たとえば、あるチームが他のチームのプロジェクトの成果物を引き継いで作業にとりかかる際に混乱が生じたり、同じ職場でありながら、同僚と面識がないこともあります。
このよう場合、企業は、チーム同士で達成目的を共有させたり、チーム間のつながりを深める目的でグループワークを実施するなどの対策をとることができるでしょう。

2. 情報量が多すぎる
コミュニケーションの失敗の原因として、案件について情報が多すぎるということがあります。参照資料や参考情報が多すぎると、従業員は中核にある情報をつかみきれず、業務の優先順位が決められない場合があります。
新しいプロジェクトの範囲が広い場合は、仕事の指示の最後に要約を記載し、優先するべき重要な部分をメンバーによく理解してもらうようにしましょう。また、共有する情報の内容によってコミュニケーションチャネルを使い分ける方法もあります。
たとえば、緊急の業務には対面でのミーティング、関係者間のやり取りはメール、情報や意見の気軽な交換は社内SNS、といったように、目的に応じて使い分けると良いでしょう。

3. 緊急事態への対応が遅い
多くの場合、緊急事態には即座に対応する必要があります。担当者は、状況を説明し、今後の計画を提示することで、消費者に納得してもらうと同時に、今後の対策などについて情報を提供することができます。
一般消費者への対応が遅れると、誤った情報が広まり、企業の評判に影響を及ぼす可能性があります。消費者は通常、声明を出すまでの時間や、謝罪の際の透明性に注目します。
緊急事態に真摯に対応し、ブランドのイメージを壊さないように、危機管理のコミュニケーションプランの策定を検討してください。

4. 在宅勤務（リモートワーク）の従業員との交流が少ない
在宅勤務（リモートワーク）の従業員は、インターネット経由で業務の報告を行い、上司から指示を受けるという仮想的な職場環境で仕事をしています。実際の職場にいないことで、顔を合わせて仕事をしている同僚と比べて、人間関係にも影響が出ることがあります。
また、質問に回答を受け取るまで時間がかかったり、前からの従業員であればだれもが知っているような社内イベントが開催されても、メールかカレンダーツールの招待通知を受信するだけのこともあります。
オフィス勤務のスタッフに加え、在宅勤務者を雇用する場合は、従業員全員が互いの声を聞き、顔を合わせることができるように、ビデオ会議の開催を検討しましょう。

5. 伝え方が不十分
企業を代表して公の場に出る場合、メッセージの伝え方が消費者の反応を左右することがあります。
消費者は、声のトーンやボディーランゲージ、言葉の選び方などから、企業が消費者のニーズに応えているかどうかを判断することがあります。コミュニケーションの失敗は、企業のメッセージが意図した内容どおりに消費者に受け止められなかった場合に発生すると考えられます。
人前で話す際は、口頭でのコミュニケーションと同時に、言葉以外のノンバーバルコミュニケーションのテクニックに注意してください。たとえば、新製品の発売を控えており、聴衆の好奇心をかき立てたい場合は、明るいトーンで、表情豊かに話すと良いでしょう。

6. 文面の間違いを見落とす
メールマガジンやSNSのキャプション、プレスリリースなど、公的に発信される情報は、組織の顔となり、そのブランドの評判に影響を与える場合があります。
作成した文章の校正を行わないと、コミュニケーションが失敗に終わる可能性があります。誤字脱字があると、購読者や顧客が企業が伝えたいメッセージを理解できずに、予測したものとは違う印象を与える可能性があります。作成したコンテンツを公開する前に、誤字脱字や文法の誤りがないか、必ず校正作業をしてください。
また、文章の構成や語彙を見直して、明確なメッセージを発することで、ターゲット層を惹きつけることができます。

7. ブランドとマッチしていない
社外に発信するコミュニケーションでは、公開するコンテンツが企業ブランドとマッチすることを確認してください。
配色やロゴ、スローガンの一貫性を保つことで、ブランドの認識度を高めることができます。ブランドと矛盾していると、消費者のブランド認識に悪影響を及ぼすので、これもコミュニケーションの課題の一つと考えられます。
これまでどのようなメッセージを発してきたかをよく考え、公開するすべての内容やトーン（語調）、書式を統一しましょう。
ブランドは時代に合わせて成長するものなのでアプローチを変えることは一般的ですが、中核となるメッセージを変えないことで消費者の支持を維持できるようにします。


",,17/10/2023,15,TRUE,0,0,0
46,これだけは避けて！英語学習で失敗してしまうパターンを紹介！.txt,"リスニングにおいて、陥りやすい失敗のひとつが「聞き流しをする」ということです。常に聞き流しをしている、繰り返し聞き流しをしている、というのは、確かに「勉強している感」は得られます。英語のリズム感覚をつかんだり、英語のイントネーションなどに慣れることはあっても、実際に英語が聞き取れるようになったり、話せるようになったりすることはほとんどないと言ってよいでしょう。
その理由は、聞き流しでは十分に集中できない（していない）ためです。特に新しい音源に触れる場合は、聞き流しではなくしっかりと集中できる環境で聞くことが大切です。
「何を言っているのか」「文法は何が使われているのか」「聞き取れなかった個所はどこか」など、ロジカルに分析して聞くようにするのがポイントです。教材については、音声だけでなくスクリプト（台本）もあるものを選びましょう。聞いた内容を台本で確認することで頭に入りやすくなりますし、自分が聞き取るのが苦手な箇所もわかるようになります。
また、リスニングの勉強として、洋画や海外ドラマを字幕付きで見るのも避けた方が良いでしょう。字幕を追ったり、ストーリー展開を追ってばかりでリスニングに集中できないことが多いのが理由です。
英語学習のモチベーションを保つために洋画や海外ドラマを見る、という程度にしておいた方が無難と言えるでしょう。

リーディングにおける失敗で多いのが、「自分のレベルや興味に合っていない（難しすぎる・つまらないと感じる）英文をたくさん読もうとする」というものです。
確かに、難しい単語がびっしりと並んだ長文を読んでいる姿はかっこいいかもしれません。しかし、特に多読を目標とする場合は、文中の80～90％くらいの単語を知っている（調べなくても意味がわかる）文章を読むと良いでしょう。
また、英字新聞や英語ニュースは毎日発信されますし、良いリーディングの教材となりえます。しかし、時事に興味のない人が「英字新聞や英語ニュースを読む」ことだけを目標にするのは避けた方が良いでしょう。
ニュースを知りたいと思って読むのと、仕方なく読むのとでは、頭に入ってくる情報量に大きな差が出ます。もし時事に興味がないのであれば、無理して英字新聞を読むのではなく、自分の興味のある分野の記事を読むのをおすすめします。
ちなみに、筆者（私）はイギリス在住ということもあり、普段は洋書をよく読んでいるのですが、最初からスラスラと読めたわけではありませんでした。最初のころは子ども向けの本や短編を読んでいました。最初から難しい本を読むと挫折しやすいので、まずは簡単なものから始めて、「できる！」という成功体験を積み重ねていくことが大切だと思います。

「文法は無視しても大丈夫」「文法なんて気にしないでひたすら話せばOK」というアドバイスを聞いたことがある方もいるかもしれません。しかし、これが文法面での大きな失敗です。
確かに自信を持って話すことは大切ですが、文法を無視して適当に話したとしても、結局相手に言いたいことが伝わらず、上手くコミュニケーションが取れないでしょう。その結果、自信を失うことにもつながります。
文法については、中学・高校で習うものをマスターすれば問題ありませんので、まずはそこをしっかりとカバーしましょう。
文法を無視することは、自分の間違いに気付かなくなるということでもあります。間違いに気付き、修正していくことで英語は上手くなっていきます。自分の間違いに敏感であるためにも、文法は無視しないようにしましょう。

コミュニケーションにおける失敗としては、「十分なアウトプットの機会をもうけていない」ということが挙げられます。
多くのリスニング教材を聞き、英文を多読し十分なインプットをしても、それを実際に口に出して相手に伝える機会がなければ、コミュニケーション能力は上がりにくいでしょう。
英会話スクールに通ったり、外国人と日本人が交流するコミュニティなどに所属したりするのは良いですが、「自分がどれだけアウトプットできているか」を常に確認するようにしましょう。複数の人がいる場合は、講師や他の受講生、他の人ばかりが話している、という状況にもなりかねません。
きちんと自分がアウトプットできる時間を確保したい場合は、マンツーマンの英会話レッスンがおすすめです。
なお、もちろん自分が話すことは大切ですが、コミュニケーションですので、相手の話をきちんと聞くことも大切です。相手の話を遮ると不快な思いをさせる可能性がありますので、気を付けてくださいね。
おそらく、多くの日本人が苦手としているのが英語のスピーキングではないでしょうか。スピーキングに苦手意識を持っている人は、どうしても「話すスキルが足りないからだ」「とにかく話す練習をしなければならない」と思いがちですが、これが失敗につながりやすいのです。というのも、スピーキングが苦手な人は、実は「圧倒的にインプットが足りていない」場合が多いためです。
口に出して話す（アウトプット）ばかりをしていても、言いたいことを適切に表現できるボキャブラリーや、それを正しく説明できる文法力がなければ、いつまで経ってもスピーキングは上達しません。
英語をスラスラとよどみなく話している人はかっこよく見えるかもしれません。しかし、そのような人も、そのレベルに至るまでに地道に単語や熟語を覚え、文法を覚え、それを何度も繰り返すという地道な作業をしてきたはずです。英語習得に近道はありませんから、コツコツと努力を続けていきましょう！

ライティングの失敗で多いのが「自分でゼロから英文を考え、そのまま書いてしまう」というものです。確かに自分の頭で考えることは大切なのですが、特に英語を勉強し始めたばかりの人や英語初心者であれば、何も参考にせずに自分で作った英文には間違いが発生する可能性が高いでしょう。
こうした失敗を避けるためにすべきことは、お手本となる英文を探し、それを自分なりにアレンジすることです。例えば、自分の趣味についてライティングしたいと思ったら、同じように趣味について書いている文を探してみましょう。このときにポイントとなるのが、ネイティブが書いている文章を参考にすることです。自分と同じような英語学習者の英文には間違いがあるかもしれませんので、正しくミスのない文章を見つけましょう。
そして、お手本の文の単語だけを変えたりしてライティングの練習をしましょう。そうすることで、正しい文法が身に付きますし、また英語としてどのように書けば論理的なのかということもつかめてきます。


",,23/2/2023,12,TRUE,0,0,0
56,【新人は失敗だらけ？】入社一年目の失敗を出版社の先輩たちに聞いてみたら4.txt,"メモが読めない

電話で受注した際に自分のメモが意味をなしておらず、確認のため折り返しをしたら注文をくださった担当者の名前も読めず、特徴をあたふた伝えて相手の時間をとってしまった（新人じゃなくても電話メモはよく失敗してた…）（新卒入社・人事・女性）
",,1/4/2023,15,TRUE,0,0,0
58,【新人は失敗だらけ？】入社一年目の失敗を出版社の先輩たちに聞いてみたら8.txt,"上司に電話で起こされる

中途なのでディスカヴァーではなく前職ですが、寝坊して上司からの電話で目覚めた（中途入社・経理・女性）",,11/6/2023,15,TRUE,0,0,0
70,新入社員にアドバイス！ 働く女性100人がこっそり明かす “今だから言える“新人時代のやらかし話＆失敗のリカバリー法.txt,"新入社員にアドバイス！ 働く女性100人がこっそり明かす “今だから言える“新人時代のやらかし話＆失敗のリカバリー法

確認不足でうっかりミス！
・お客さんに関する書類をシュレッダーに入れてしまった（35歳／携帯販売員）

・提案中のお客さまに思わずタメ口で会話をしてしまった（28歳／営業）

・取引先とのチャットと同期とのチャットを同時並行でしていた時、同期に送るはずの「取引先ややこしい」という内容を間違えて取引先に送信してしまった（29歳／一般事務）

・結婚式で使うはずの花器を、同期と下り坂のスロープを降りている時に大量に割った（31歳／花屋）

・添乗でお客様をバスに積み残ししたこと（39歳／営業企画）

・子どもしかいないと思って、悪いことをした子どもに「全くどういう育て方をされたらそうなるの？」と言ったら、保護者が迎えに来ていて聞かれていた（34歳／保育士）


常識を知らなくて……
・初めてコピー機を使った時、原稿を入れる向きを間違えて100枚以上の白紙が出てきた。止め方が分からず、ただ10分間温かくなった白紙が出てくるのを見守った（29歳／事務）

・電話で相手に名前を言われた時は自分も名前を申し出るというマナーがわからず、「この人なんで何回も自分の名前を言うんだろう」と思っていたこと（31歳／旅行販売）

・名刺交換の時に座ったまま交換しようとした（28歳／経理）


今では笑い話！？ 天然系エピソード
・営業職で、取引先を訪問したが上手く説明できなかった時、同行してくれていた上司が代わって説明してくれた。あまりにも分かりやすくて上手な説明に、つい「なるほど？」と相槌を打ってしまい、あとで叱られました（33歳／営業職）

・学生の頃にずっとカラオケ店でアルバイトをしていた時の癖が抜けず、会社の電話に出た時に「お電話ありがとうございますカラオケ○○店です」と言ってしまった（39歳／製造業）

・会社のお局の先輩に歳を聞いて「一回り違いますね」と言ってしまい逆鱗に触れてしまった（31歳／一般事務）


焦ってパニック！あわや大惨事に……
・お客様がクレジットカードでお支払いをしたのですが、操作に慣れておらず焦ってしまい、帰り際にカードを返し忘れてしまいました（35歳／販売サービス）

・初めて内線をかけた時。最後に110を押さなければならなかったのですが、何を間違えたのか110番してしまった（27歳／医療事務）

",,1/11/2023,15,TRUE,0,0,0
79,他人事じゃない！みんなに聞いた結婚式に出席した時の失敗談 1.txt,"ゲストとしてお呼ばれした結婚式で失敗は避けたいもの。
でも実際には、ついうっかり失敗してしまった人も意外と多いよう。
みんながしてしまった結婚式での様々な失敗談をご紹介します。
他人事ではないかも？！ぜひ参考にしてください。
確認せず間違えた！
大切な結婚式に遅刻は避けたいもの。
でも、「確認不足で遅れてしまった・・・」という人もいるようです。
開始時間を勘違い！
招待状をきちんと確認せず、曖昧に覚えていた時間に会場に行ったら、それは挙式の開始時間じゃなくて、披露宴の開始時間でした。
挙式から招待されていたのに、挙式には全く出られず・・・
挙式に間に合わなかった女性
披露宴の受付も終わったぎりぎりの時間に駆け込み、周りの友人からは呆れられてしまいました。

招待状には
・挙式の開始時間
・披露宴の開始時間
・それぞれの集合時間

など、いくつかの時間が書いてあることが多いですよね。
なんとなく読んで曖昧に記憶していると、うっかり間違えてしまうかもしれませんので注意しましょう。
そして、なんと会場を間違えてしまった人も・・・。

まさか！会場を間違えて大慌て
友人の結婚式が大きなホテルで、「○○の間」のような会場がいくつもありました。
会場のスタッフに誘導されるままに受付に並び、自分の番になって名前を言うと「リストにお名前がないのですが・・・」と受付の人に困った顔で言われてしまいました。
はっとして会場のドアの所を見ると、「○○家・△△家式場」と友人とは全く違う名前が・・・
慌てて受付の人に謝って友人の会場を探しましたが、顔から火が出るほど恥ずかしかったです。

招待状はしっかり確認して臨みたいですね。

知らずについ…マナーの失敗
結婚式には、独特のマナーも多いもの。
「マナーを知らなくてつい・・・」というような失敗をしてしまった人も多いようです。
マナーを知らずに…白のドレスで出席
初めて結婚式に出席したときのこと。
「持っている服の中で一番フォーマルな服で！」
と意気込んで、お気に入りのオフホワイトのドレスを選びました。
挙式でも披露宴でも周りからやたらと注目されるので、「どうしてかな？」と思っていたのですが・・・
後から白い服はマナー違反だと知って、真っ青になりました。

「白は花嫁の色なのでゲストが着るのはNG」
というのは有名なマナーだと思いますが、結婚式に初めて出席する人だと、知らないこともあるかもしれませんね。
また、意外と多かったのが、「白ではないけれど白っぽく見えてしまう服装で失敗！」というパターン。
ベージュやシャンパンゴールド、淡いピンクやグレーのドレスは、写真に写ったときに白っぽく見えてしまいます。

後から写真を見て後悔する人が多いよう。
できれば、濃い色のボレロを羽織るなどして対策した方がいいですね。
その他にも、服装に関する失敗談は意外と多いようです。
昼間の結婚式では露出は控えるのがマナーとは知らず、肩を出すベアトップのデザインのドレスをそのまま着てしまいました。
露出には気を付けたいですね。
他にはこんな人も。
フォーマルな場なので「上品な装いにしなくては」と思い、黒のシンプルなドレスにアクセサリーもせずに出席。
周りが華やかな中、1人だけ結婚式らしからぬ暗い服装になってしまいました・・・。
控えめにするあまり、地味すぎたというパターンですね。
また意外にも多かったのが足元マナーの失敗談。
・ストッキングをはかずに素足で行ってしまった。
・夏だからいいと思ってサンダルで行ってしまった。
・おしゃれだと思ってブーツで行ってしまった。
など、結構失敗している人が多いようです。
足元のマナーまで、ぬかりなくチェックしたいですね。
他には、ご祝儀のマナーを知らずに、失敗してしまったというエピソードも。

ご祝儀袋に種類があるなんて…
初めての結婚式で、ご祝儀袋に種類があるなんて知らず、とりあえず華やかなデザインのものを購入。
しかし受付で手渡したときに、一緒に出席していた友人から、
「それは結婚式用じゃないんじゃない？」
と指摘されました。
あとで調べると、私が渡したのは「繰り返してもいいお祝い事」に使う「蝶結び」のご祝儀袋で、結婚式にはNGのもの・・・。
新郎新婦にはあとで謝ったけど、せっかくのお祝いに失礼なことをしてしまいました。
結婚式でのマナーはできるだけ事前にチェックして、スマートに臨みたいですね。
",,10/8/2023,7,TRUE,0,0,0
94,ダイエットに失敗する人がやりがちな間違い5選.txt,"【1】「炭水化物抜き」は逆効果

「炭水化物抜きダイエット」もその1つ。炭水化物（糖質）は「体脂肪になるから」と敬遠されがちですが、実は、炭水化物を抜くことは、やせにくい体を作る原因になります。

たしかに糖質を抜くと、一時的に体重は軽くなります。しかしそれは、糖質1グラムに対し水分が3グラムくっついてくる、という性質があるから。炭水化物を抜くと、翌日の体重計の数値が減って「効果が出た！」と勘違いする方も多いのですが、体内の水分量が一時的に減っているだけで、体脂肪が減ったわけではありません。

炭水化物が足りなくなると、体内では「糖新生」という現象が起こります。これは、糖質が足りなくなるとタンパク質を分解することでエネルギーを生み出す、という体のシステムです。

この現象が起こると、筋肉量を増やすために必要なタンパク質が使われてしまうので、筋肉量が減ってしまいます。筋肉量が減れば、基礎代謝が落ちるので、日々の消費カロリー量は減っていきます。

つまり、炭水化物を抜いた結果、やせにくい体になってしまうのです。

この負のループを止めるためには、炭水化物をきちんと摂ることが大切です。目安として、毎食茶碗1杯（150～200グラム）の米であれば、全然食べても問題ありません。

2】“ながら”ダイエットには効果のないものも

ダイエットの記事として「掃除をしながら、テレビを観ながら、ちょっとした運動をすることで効率よくやせましょう」などの〝ながら運動のすすめ〟をよく見かけます。

「いつも利用する駅の1つ前の駅で降りて、家または職場まで歩く」。これも、通勤・通学時間にできる代表的な〝ながら運動〟の1つですが、平地を歩ける体力のある人にとっては、たった1駅、ただ歩くだけでは、日常の動作の範囲なので運動にはなりません。

体を変えたいなら、筋肉の組織を壊すほどの強い刺激（負荷）を与えられる強度の高い運動が必要です。1駅歩く時間があるならば、その分早く帰宅して下半身の筋トレをするほうが、よっぽどダイエット効果があります。

唯一〝ながらやせ〟で効果的といえる方法は、「階段の上り下り」です。階段を上り下りするとき、私たちは一方の脚だけで体重を支えます。この動きは、下半身の筋力アップが可能。消費カロリーは、なんとランニングとほぼ同程度です。駅やオフィスで、常にエレベーターやエスカレーターを使っていた人なら、今日から階段生活に切り替えるだけで、確実に体が変わります。

「勘違い」や「思い込み」も、ダイエット成功の妨げになります。ここでは、3つの「勘違い」について説明します。

【3】「寝る前に食べたら太る」は勘違い

「帰宅が遅くなり、夕食の時間が遅くなってしまった」。忙しいビジネスパーソンには、よくあるシチュエーションだと思います。そんなとき、「寝る前に食べると太るから、夕食は抜いてしまおう！」と判断してしまうと、逆に太る原因になります。

人は空腹で寝ると、体が飢餓状態になります。すると、生命の危機を察知した脳が「何か食べて！」という信号を発信。寝ているつもりでも脳は覚醒し、睡眠が浅くなります。結果、睡眠不足でストレスを抱え、翌日の仕事にも悪影響を及ぼします。

実は、睡眠不足によるストレスは、ホルモン分泌や自律神経にも影響を及ぼし、食欲を高めるホルモンの分泌を促すことがわかっています。「ダイエットにもなるしラッキー！」と夕食を抜いてしまうと、翌日暴食して後悔することにもなりかねません。

寝る前の食事でも、茶椀1杯のご飯に具だくさんの味噌汁、メインのおかずに副菜という定食スタイルなら、太ることはありません。それでも心配な人には「分食」もおすすめです。たとえば夜7～8時頃に会社でおにぎりを食べて、主菜と汁物は帰宅後に食べる、という具合に、定食メニューを分けて食べるとよいでしょう。

【4】「お腹やせ＝腹筋運動」の勘違い

「部分やせを狙うなら、やせたいところを集中的に鍛えるのが近道」と信じている方が多いのですが、実はこれも勘違い。お腹を凹ませたいからと腹筋運動をしたり、「くびれが欲しい!」と腰を回したり……。でも、このようなお腹周りの筋肉を使う筋トレには、お腹の脂肪をとる効果はあまり期待できません。

人間の体は、運動をすることで全身の脂肪を少しずつ分解し、血液中に流します。これが動かしている筋肉に運ばれ、エネルギーに変わることで、筋肉を動かす燃料になります。脂肪を溶かして作ったエネルギーは、筋肉という「エンジン」を動かす「ガソリン」です。当然、エンジンが大きければ大きいほど消費するエネルギーも増えます。

人間の体には、動かしている部分の脂肪を、優先的に燃やすしくみはありません。とにかく大きな筋肉（エンジン）を動かして、どんどんエネルギー（ガソリン）を使ってしまう。これが体脂肪を落とす一番の近道です。

お腹の筋肉は、意外に小さく薄いため、期待するほど多くのエネルギーを消費できません。やせたい、引き締めたいのがどの部位であろうと、鍛えるべきは下半身。下半身には全身の筋肉の約7割が集中しています。効率よく体脂肪を落としたいなら、スクワットがおすすめです。

【5】「脂肪を燃やすには20分以上の有酸素運動」はもう古い

「体脂肪は20分以上、有酸素運動を続けないと燃えない」という説を聞いたことはないでしょうか？

以前は、運動を始めるとまず体内の「糖」が主なエネルギー源として使われ、20分後を境に「体脂肪」に変わる、と考えられていました。しかし今では、「体脂肪は運動のスタート時から燃焼している」というのが常識です。

私たちは起き上がった瞬間から体を動かしています。つまり、起床時から「糖」がエネルギー源として使われているため、20分たたずとも体脂肪は燃える、と考えられるようになったのです。

また、近年の研究により、20分間の連続した運動と10分間の運動2回とで比較すると、体脂肪の燃焼効果にはほとんど差がないこともわかりました。

連続して運動しても、複数回に分けても、同等のカロリーを消費できるならば、わざわざまとまった時間を捻出する必要はありません。長い時間続けて運動するのが苦手な人や、忙しいビジネスパーソンでも、隙間時間を活用してダイエットができるのです。「勘違い」に気づけたことで、運動のハードルもグッと下がるのではないでしょうか？",,29/11/2023,21,TRUE,0,0,0
97,他人事じゃない！みんなに聞いた結婚式に出席した時の失敗談 2.txt,"緊張！スピーチの失敗
大勢の前でのスピーチを頼まれたら緊張するもの。
そのため、失敗談も意外と多いようです。

緊張しすぎて…スピーチで頭が真っ白に
親友の結婚式でスピーチを頼まれました。
しっかり練習して臨んだはずが、いざマイクの前に立ったら、緊張のあまり頭が真っ白に・・・。
友人の人となりの分かるエピソードや、素敵な思い出話を盛り込んだスピーチを用意していたのに、しどろもどろで内容のないスピーチで終わってしまいました。
スピーチは大役だけに、緊張するのは当たり前です。
スピーチの際は、念のため原稿も持って、気持ちを落ち着けて臨んだ方がよさそうですね。

やってしまった…余興の失敗
余興は選ぶ演目によっては、会場を白けさせてしまうことも。
盛り上がると思ったのに…
新郎側の余興で、裸に近い恰好で踊るパフォーマンスをしました。
盛り上がると思ったのに、会場中がシーンとしてしまいました・・・。
結婚式はあくまでフォーマルな場であることを忘れずに。
あまりに品のない余興は避けた方がいいですね。
その他にも余興の失敗談は色々あるようです。

内輪ネタで周りは「？？？」
新郎の高校の友人同士で、いつも盛り上がっていた先生の物まねクイズを披露。
しかし、「懐かしい〜！！！」と大笑いで盛り上がったのは新郎と自分たちだけで、周りのゲストや新婦も「？」の顔・・・。
すっかり会場をしらけさせてしまいました。
結婚式はいろんなゲストが出席しているもの。
内輪ネタは避け、みんなが楽しめる演目を考えましょう。
他にも、
新郎新婦についてのクイズ大会をしました。
でも、あまり披露されたくないことまで話してしまったようで、新郎新婦の表情がみるみる曇ってしまいました。
結婚式にふさわしくないクイズに怒る新郎
という人も。
余興の演目選びは難しいかもしれませんが、新郎新婦とゲスト、両方に配慮して決めた方がよさそうですね。

気を付けたいお酒の失敗
結婚式では「お祝いの席だから・・・」とつい飲みすぎてしまい、お酒で失敗してしまう人もいるようです。
友人と盛り上がり過ぎて…
大学のサークルの友人が同じテーブルで固められていたので、久しぶりの再会で盛り上がりました。
つい飲み過ぎて酔っ払い、当時のノリでコールをしながら一気飲みをしたり、やりたい放題してしまいました。
周りから白い目で見られていたと思います。

他には、
酔っぱらって新郎新婦に絡み、スタッフに会場の外へ連れ出された
という人や、スピーチの前に緊張をほぐすために飲みすぎて、肝心のスピーチのときにはベロベロになってしまった

という人も。

お祝いの席とはいえ、お酒はくれぐれも節度をもって楽しみたいですね。

まとめ
結婚式に招待されると楽しみな反面、緊張したりマナーが気になったりと不安もあるもの。
大切な式で失敗はできるだけ避けたいですよね。
事前にマナーをチェックして、当日は節度をもって臨みましょう。
スピーチや余興などを頼まれている場合は、緊張してしまうかもしれませんができるだけ落ち着いて。
万が一失敗してしまった場合には、後からきちんと新郎新婦にお詫びをしましょう。
お祝いの気持ちと誠意が伝わればきっと大丈夫ですよ。
",,23/9/2023,7,TRUE,0,0,0
105,職場の忘れられない大きなミス・大失敗ー知識・経験不足.txt,"映像制作会社に入社し、配属されて初めて仕事に従事した20代前半。
一つ上の先輩から、子役をオーディション控え室から、オーディション会場まで連れて行く仕事を託されました。

オーディションが終わるたび、また次の子を連れて行き、入れ替えに、終わった子を控え室の保護者のもとに連れて戻るという風に、オーディション控え室から会場を何度も往復していました。

そのときの監督は、オーディションにだいぶ長い時間をかける人だったんですね。
オーディションが終わってもまだ子どもと控え室に待たされていた母親は、待ち時間に痺れを切らし、すごい剣幕で私に対して、「もう帰っていいか？」と怒って尋ねてきたんです。

そこで私はすっかり委縮してしまって、「あ、たぶん大丈夫だと思います」と言ってしまいました。
オーディションが最後まで終わった時には、控え室には既に誰も居なくなりました。

私は「お疲れ様でした」を言いに、オーディション会場に戻りました。
すると監督が「じゃあ、子どもたち、違う組み合わせで見ていこうか」と言ってきたのです。
そのとき、控え室にはもう誰も残っていないと知っているのは、私だけでした。

冷や汗が、全身から流れ出しました。
正直に伝えたところ、「バカヤロー！！！！！」の怒声と灰皿が飛んできてきました。

（ひっきさん　映画製作AD　男性 50代　東京都在住）

介護福祉士として勤務している施設で担当する利用者のご家族に対して「食がすすまないのでお好きな食べ物や飲み物を差し入れして下さい」と依頼しました。
その際に私は、買い物していただいてお金を使わせることを申し訳ないと思い「高い物でなくて安い物でいいので」と伝えてしまいました。


本来なら食に話は栄養士から説明をしてもらうのが一般的ですが専門職を飛ばして連絡してしまうという介護士として初歩的なミスが発端でした。

そのうえ、言葉選びが悪かったです。

翌日、ケアマネージャーのところにご家族か電話があり、「高齢の母に安い物を飲み食いさせる気はありません。昔から母は食にはこだわりがあり高価でも体に良いものだけを口にしてきました」とものすごく立腹していたと伝えられました。

（匿名希望さん　介護福祉士 　女性 30代　長崎県在住）

仕事をしていると、「決断・判断しなくてはならない場面」に少なからず遭遇します。
ときに相談する人が近くにおらず、自分自身でその決定をすることもあるでしょう。

こうした際に、その業務への知識・経験不足があるとミス・大失敗に繋がりやすいことがアンケート結果からうかがわれます。
",,25/12/2023,15,TRUE,0,0,0
1,【新人は失敗だらけ？】入社一年目の失敗を出版社の先輩たちに聞いてみたら13.txt,"仕事の話の途中でぼーっとしちゃう

納品の相談をしているとき、ぼーっとしていて「いくつになりました？」と聞かれて「23歳です」と答えた。商品数の確認で、あなたの年の話してないよと呆れられた。（新卒入社・人事・女性）",,1/2/2023,15,TRUE,0,0,0
12,【新人は失敗だらけ？】入社一年目の失敗を出版社の先輩たちに聞いてみたら1.txt,"挨拶はなんて言うのが正解！？

「お疲れ様です」を社外の人、クライアントさんに言ったのをすごく注意されました。「ご苦労様です」は社内でも使わないのだよとも言われたな。（中途入社・営業・男性）",,29/4/2023,15,TRUE,0,0,0
13,【新人は失敗だらけ？】入社一年目の失敗を出版社の先輩たちに聞いてみたら10.txt,"素足でアスファルトを駆け抜ける

どうしても電車に間に合わせたくて、パンプスを脱いで素足でアスファルトを疾走。徒歩20分のところ10分で駅に着いて間に合った（新卒入社・営業・女性）
",,4/6/2023,15,TRUE,0,0,0
14,【新人は失敗だらけ？】入社一年目の失敗を出版社の先輩たちに聞いてみたら16.txt,"バッグが限界を超える

営業資料入れすぎてお気に入りのバッグの紐が千切れる（新卒入社・編集・女性）
",,17/5/2023,15,TRUE,0,0,0
17,【新人は失敗だらけ？】入社一年目の失敗を出版社の先輩たちに聞いてみたら14.txt,"みんなやりがち！？仕事道具の置き忘れ

Apple pencilをオフィスの会議室に置き忘れた（新卒入社・制作・女性）
iPad落としたのに気づいてなくて、5分後くらいに同じ場所を通ったら自分のiPadが落ちているのを見つけて冷や汗かいた…（新卒入社・編集・女性）
書店様にiPadを置き忘れた（新卒入社・営業・男性）
岡山駅の改札内にiPadを忘れたまま新幹線に乗ってしまい、姫路駅で気づいたり（その後自宅に宅配）（新卒入社・営業・男性）
スーツケースを長野駅のロッカーに入れたまま特急列車で松本駅に行きそうになった。ギリギリで気づいて降りて、結局1本あとの電車になった（新卒入社・編集・女性）
はじめて上司の営業に同行させてもらった時に、名刺入れを道端に落として、名刺交換できなかったこと。（新卒入社・営業・男性）
",,24/9/2023,15,TRUE,0,0,0
50,【新人は失敗だらけ？】入社一年目の失敗を出版社の先輩たちに聞いてみたら9.txt,"遅刻の連絡は早めに！

電車の遅延でアポに遅れそうになるも、タクシーを捕まえてギリギリ間に合う目算。が、途中間に合わないと判明しアポの数分前になってようやく電話。すごく怒られました（がその後とてもなかよくなりました）。（新卒入社・管理・男性）
",,14/5/2023,15,TRUE,0,0,0
51,【新人は失敗だらけ？】入社一年目の失敗を出版社の先輩たちに聞いてみたら5.txt,"〇〇のイトウでしょうか？△△のイトウでしょうか？

入社当時、社内にイトウさんが3人ほどおり、どのイトウさんか確認せず電話を取ってしまい混乱を引き起こす（新卒入社・マーケティング・女性）
",,7/3/2023,15,TRUE,0,0,0
54,【新人は失敗だらけ？】入社一年目の失敗を出版社の先輩たちに聞いてみたら17.txt,"転んでスーツに穴！

入社式直後に転んで入社式用に買ったスーツの膝に穴を開けた（新卒入社・マーケティング・女性）
取引先の会社に行く際に駅の階段で転んで営業用のスーツの膝に穴を開けた（新卒入社・マーケティング・女性）",,27/2/2023,15,TRUE,0,0,0
59,【新人は失敗だらけ？】入社一年目の失敗を出版社の先輩たちに聞いてみたら18.txt,"要注意！お酒の席でのマナー

酔っ払いすぎて先輩に失言（新卒入社・編集・女性）
酔っ払いすぎて失言はあるあるですね・・・。（新卒入社・営業・男性）
営業終わりに飲みに行ったとき飲みすぎて、次の日の営業が二日酔いでふらふら真っ青で、、取引先の方に「お前生きてるか！？食べてるか！？」と心配されたことあります・・・（新卒入社・営業・女性）
",,21/10/2023,15,TRUE,0,0,0
60,【新人は失敗だらけ？】入社一年目の失敗を出版社の先輩たちに聞いてみたら2.txt,"上司と先輩の後ろをちんたら歩いてたら怒られた。上座に座って怒られた。会社主催の懇親会に遅れて怒られた。あー怖かった！！（新卒入社・編集・女性）
",,10/7/2023,15,TRUE,0,0,0
15,【新人は失敗だらけ？】入社一年目の失敗を出版社の先輩たちに聞いてみたら12.txt,"短く簡潔に話しましょう

長々と本の紹介を続けていたら怒られた（中途入社・制作・女性）
",,5/3/2023,15,TRUE,0,0,0
52,【新人は失敗だらけ？】入社一年目の失敗を出版社の先輩たちに聞いてみたら6.txt,"大事なデータを破壊……

マクロを破壊してしまい、「僕でも見たことのないエラーが出てるんやけど・・・」と上司に言われた（新卒入社・制作・女性）
エクセルの値を勝手に変えてしまい、別の参照先シートがエラーだらけになる（新卒入社・制作・女性）
",,22/10/2023,15,TRUE,0,0,0
53,【新人は失敗だらけ？】入社一年目の失敗を出版社の先輩たちに聞いてみたら20.txt,"社会人としての自覚

振り返ってみると、学生気分から切り替えられてたかどうかが一番怪しいとこですね、、、（新卒入社・制作・女性）
",,8/10/2023,15,TRUE,0,0,0
55,【新人は失敗だらけ？】入社一年目の失敗を出版社の先輩たちに聞いてみたら3.txt,"電話受けは油断禁物！

オレオレ詐欺のような名乗らない電話が実は大事な電話だった（新卒入社・制作・女性）
",,21/3/2023,15,TRUE,0,0,0
57,【新人は失敗だらけ？】入社一年目の失敗を出版社の先輩たちに聞いてみたら19.txt,"わからないことが聞けない

分からないことを聞くのに躊躇してフリーズしちゃうのが一番よくあった失敗かなー。（新卒入社・制作・女性）",,27/5/2023,15,TRUE,0,0,0
61,【新人は失敗だらけ？】入社一年目の失敗を出版社の先輩たちに聞いてみたら7.txt,"リモートワークの弊害

リモートワークに慣れすぎて移動時間の計算ができず、上司との1on1に大遅刻（新卒入社・制作・女性）
",,6/2/2023,15,TRUE,0,0,0
34,【飯関係多め？】31.9％が、キャンプでの失敗談が「ある」 どのような失敗が多い？4.txt,つい先日、焚き火台をテントに近づけ過ぎて火の粉が飛び、テントに穴を開けてしまった。（40代・男性）,,4/9/2023,1,TRUE,0,0,0
39,【飯関係多め？】31.9％が、キャンプでの失敗談が「ある」 どのような失敗が多い？10.txt,木を燃やして暖を取っていたら、風向きが変わって、お気に入りの上着に火の粉が飛んできて穴だらけになった。（50代・男性）,,13/3/2023,1,TRUE,0,0,0
40,【飯関係多め？】31.9％が、キャンプでの失敗談が「ある」 どのような失敗が多い？3.txt,"インスタントラーメンを煮込みすぎスープが無くなった（50代・男性）
",,1/10/2023,1,TRUE,0,0,0
42,【飯関係多め？】31.9％が、キャンプでの失敗談が「ある」 どのような失敗が多い？9.txt,"ペグをきちんと指してなかったのか突風でテントがひっくり返ったことがある（50代・女性）
",,25/9/2023,1,TRUE,0,0,0
47,【飯関係多め？】31.9％が、キャンプでの失敗談が「ある」 どのような失敗が多い？6.txt,"トイレから帰ってきて暗くて自分のテントが分からなくなり、人のテントを開けようとした。（30代・男性）
",,27/3/2023,1,TRUE,0,0,0
31,やってしまった～！ お花見での失敗エピソード.txt,"・お酒を飲み過ぎで、ポストに一生懸命話しかけていた（笑）。（まるも　34歳）

・飲みすぎてしまい、トイレが間に合わなかった…。（ちよ　51歳）

・泥酔して川に落ち、救急車のお世話になってしまった。（ゆっくんまん　42歳）

・泥酔し、課長の頭を撫でたら、カツラがずれてしまった！（白　65歳）

・酔っぱらってそのまま寝てしまい、気が付いたら持ち物すべてがなくなっていた！（あんこ　43歳）

・泥酔してしまい、片付けもせずに子どもも置いて1人で帰ってきてしまった。（ぱおんちゃん　44歳）

・お花見ツアーで吉野へ行った。すでに桜が散った後で、ただの山登りになってしまった。（みんみんぜみ　52歳）

・バスツアーでお花見に参加。河津桜を見に行くものだったがまったく咲いておらず、集合写真の桜は合成写真…。仕方がないとはいえ残念で、旅行代金がもったいない気持ちだった。（わんたる　37歳）

・桜の開花時期をよみ間違え、桜が散る中お花見をした。ほとんど葉桜…。（にょん　31歳）

・友人の話だが、大勢で公園に花見に行き、お酒を飲んで大縄跳びをしたら、飛んだ瞬間にアキレス腱を断裂してしまったそう。肉離れを起こして動けなくなった人もいて、結局花見を中断し2人ともそのまま病院行きになったらしい。（テンコ　59歳）

・桜の木に登った酔っ払いが、木から落ちたのを目撃した！（yuko　46歳）

・アラサーの頃、泥酔して見知らぬ大学生を逆ナン。その後連絡が来て、コンパまでしてしまった。（のんたま　41歳）

・場所取りを甘く見ていて、到着した時はすでに人が多過ぎて場所が取れず、あまり桜がない場所でただの飲み会になったことがある。（くみ　32歳）

・会社を抜け出し15時から場所取りをしていたが、来る予定だったメンバー全員が打合せやら急な出張やらで来られなくなった。結局、取っていた場所は大学生に譲り、1人でラーメン食べて帰った。ちょっぴりせつない思い出。（みるみる　29歳）

・会社で場所取りの係になったので、早くに現地に行ったが、ビニールシートを忘れ他の人にどんどん場所をとられてしまった。（ちょび　56歳）

・風がとても強い日にお花見に行ってしまい、敷物をはじめ紙皿、割り箸など、軽いものが飛びまくって大変だった。（星座占い　71歳）

・油断して薄着で行ったら、思いのほか寒くて風邪をひいた。（さちらん　31歳）

・雨の中、ずぶ濡れになってお花見していたグループがいた。何かの罰ゲームかと思った（苦笑）。（タマムシ　40歳）

・川辺の桜並木の下で夜桜を楽しみながら宴会。デパ地下の豪華なデリとたくさんのお酒に囲まれ、ひとしきりしゃべってお皿を持ち上げたところ、見慣れないおかずが。「イカ…？あったっけ？？」とつまんだら、なんと！なめくじーーー！！ 水辺でのお花見はテーブル準備が必要かも。（tree　45歳）

・飲み物担当だったので、当日冷えたものを渡せるように前日からペットボトルを冷凍庫へ。結局当日の朝、冷凍庫から出すのが遅くなり半分凍ったものを渡すはめに。なかなか解凍されず、飲みにくかった…。（のえる　39歳）

・お弁当作りに全力を注ぎ過ぎて、レジャーシート、箸、紙皿などを持参することを忘れてしまった。（ヨッチー　37歳）

・職場の人とちょっと豪華なお弁当を買ってお花見ランチをしたが、押さえた場所が悪かった…！ 鳩のたまり場の近くなのか、通り道なのか、とにかくすごい糞が落ちてきて、お弁当を食べてる場合じゃない状態に。（みやび　43歳）

・緩い坂の所にビニールシートを広げてお花見をしていたら、家族全員でズルズル坂を滑ってしまい、さらにお弁当やら飲み物を抑えるのに必死で周りに笑われてしまった。（かすば　51歳）",,3/12/2023,0,TRUE,0,0,0
36,【飯関係多め？】31.9％が、キャンプでの失敗談が「ある」 どのような失敗が多い？11.txt,夕食用の豚汁を作っていた際に、鍋のそばにカエルをみかけた。追い払うことにしたが、誤ってカエルが鍋の中に入ってしまい、そのまま少し煮込んでしまったこと。すぐに取り出したが、私はその豚汁を食べることができなかった。仲間達は美味しそうに食べていたが、罪悪感が酷く、皆の顔を見れなかった。（50代・男性）,,24/11/2023,1,TRUE,0,0,0
67,引っ越し難民と引っ越しにまつわる人生最大の失敗.txt,"大失敗とは、最後に家を出るとき

玄関の鍵穴に鍵を差しっぱなしで出てきたこと(；ﾟДﾟ)

 

しかもしかも、その（鍵が差しっぱなし）期間

なんと、6日間！

 

ちなみにもと住んでいた家、玄関のドアノブは道から丸見え

門扉がなく誰でも玄関前まで入って来られる造り・・・

 

気づいてくれたのは家の前を通りかかった買主さん

あまりのことに驚いて、不動産さんに電話し

不動産屋の担当者が鍵を取り（抜きに）に行ってくれました。",,21/10/2023,18,TRUE,0,0,0
68,引越し失敗しました.txt,"まず私は相模大野から職場に近い都内に引越しをしました。
 家賃が今までより2万以上、上ががってしまうけど通勤ストレスがホントに嫌で立地と間取りと賃料的に妥当だと思う物件を見つけたので1件目の内見で決めてしまいました。
 そして、リモートワークがあること、ゲーム配信者であること、その上で光回線が必要だということを今回の仲介業者に伝えており、「フレッツ光が導入されている」という説明を受けていました。その事は仲介した業者の担当本人も認めている状況です。
今回の仲介業者は、オーナー様は別にいるものの、物件の管理会社でもあります。
 実際に入居した後、ソフトバンクの光回線のケーブルがさせなかったので、仲介業者に電話しました。
 その時も「フレッツ光がつながっている」「フレッツ光に変えてみてください」そう案内された。
 そしてフレッツ光の業者にきて配線がつなげるかどうかの診断をしてもらうため昨日家に来ていただいた。
「この物件は光回線はつなげない。VDSL（光より遅いやつ）しか繋げない。オンラインゲームなんかできない。」 
そういわれた。
VDSLしか使えないのになんでフレッツ光が使えるという案内をされたのか？意味が分からなくていろいろ調べてみたら、「フレッツ光」ではなく、「フレッツ光ネクスト」という名称のものが導入されていたようだ。
つまりフレッツ光ネクストはVDSL回線。
なら内見の時にフレッツ光じゃなくてフレッツ光ネクストって言ってほしかった。そしたら調べられたのに。
仲介担当もそういう案内を何度も私にした事実を認めたはものの、なにも弁償ができないと言われた。
ほんとに酷い。いい加減な仲介業者だった。
ゲーム配信もリモートワークもできなくてすごくつらい。
楽しみにしてるゲームができないとかゲームで知り合った人に忘れ去られてしまうとかそういうのも悲しい。
またお金をためて、ちゃんとしたおうちに引っ越したいと思います。
次は光回線が引かれているか仲介業者に聞かず、ちゃんと通信業者に聞こうと思います。
怒りと悲しみで震えてノイローゼでいます。
引っ越しは何度か経験しているけど、こんなにいい加減な仲介業者にあたたったのは初めてです。
高い勉強でした。",,28/8/2023,18,TRUE,0,0,0
80,一人暮らしの失敗談・アドバイス　家具・家電・インターネット.txt,"一人暮らしの家具選びは？
一人暮らしで使う家具は必要最低限だけ用意して、生活しながら足りないモノを買い足すのが◎。その際には、部屋のサイズを測ってから購入しましょう。
また、調理器具を新たに買い足すなら、ガスとIHの両方で使えるものを選ぶとよいでしょう。
一人暮らしの家電選びは？
一人暮らしの家電も、家具と同様に、生活環境に合わせて慎重に揃えていくのがベスト。また、大型家電の設置は事前に業者へ依頼しておくようにしましょう。

家具家電付きの部屋 注意点は？
家具家電付きの部屋と言えど、生活消耗品や寝具などは自分で用意しなければならないケースが多いです。事前に確認と準備を怠らないようにしましょう。

インターネット環境をととのえよう
インターネット（WiFi）は、現代人には必需品！
建物全体で回線をシェアしている場合、利用者が増える夜の時間帯に回線速度が遅くなることもあるので、ご注意を。
",,1/12/2023,17,TRUE,0,0,0
85,一人暮らしの失敗談・アドバイス　物件探し.txt,"物件の場所
物件情報では80ｍ＝徒歩1分と表示する決まりがあり、坂や踏切などは考慮されないため、実際にはもっと時間がかかることも。
地図や物件の情報を見るだけでなく、実際に現地周辺を歩いてみたり、通学・通勤時間帯の駅や道路状況を確認したりすることが大切なようです。

部屋の設備
一人暮らしのお部屋探しでは、物件の家賃だけでなく、自分自身の生活に必要な設備もしっかり確認しておきましょう。特に、キッチンのコンロの数や、ガス・電気・IHかは使い勝手に影響します。
リノベーション（リフォーム）物件では、水回りや電気系統などの老朽化にも気をつけて！

一人暮らしで人気のロフト 使い勝手は！？
一人暮らしに人気のロフトですが、部屋を広く使える反面、暑さ寒さが原因で光熱費がかかり、有効活用しにくいというデメリットも。
また、寝室として利用したい場合には天井の高さも確認した方がよいでしょう。

オートロックなどのセキュリティって必要？
一人暮らしでは男女問わず、防犯上オートロックのある物件を選ぶべきという意見が多数ありました。
しかし、オートロックの扉やエレベーターにも鍵が必要な物件では、鍵の出し入れが面倒といった意見も。自分にとって有効な機能や設備を見極める必要がありそうです。

一人暮らしの費用
一人暮らしの物件探しでは家賃の価格に着目しがちですが、共益費・管理費や水道光熱費などもトータルで考えて予算を決めましょう。特に、プロパンガスは都市ガスよりも料金が高いため要注意です。

日当たり・風通し
部屋の日当たりや間取り、風通しをチェックすることで、湿気のたまりやすい物件を排除することができます。サーキュレーターや除湿器を使うのも一つの方法ですが、物件探しの段階であらかじめ注意しておくことが大切です。

1階と2階以上、どっちがよい？
一人暮らしでは防犯や害虫予防の観点から、2階以上の部屋が好まれる傾向です。ただし、建物の構造によっては、2階の部屋が底冷えしたり、湿気や結露に悩まされたりすることも。
また、自分だけで引っ越し作業を完結する場合には、搬入のしやすい1階がメリットとなりえます。

周辺状況
一人暮らしの物件自体は良くても、近くにスーパーやコンビニ、病院等がないと生活に支障をきたします。また、周辺が暗い住宅街だったり、治安の悪い場所を通らないと帰れなかったりする場合にも注意が必要です。

一人暮らしのトラブルに備える
せっかく一人暮らしを始めても、騒音トラブルで揉めるのはイヤですよね。
内見の際には、(1)不動産の担当者に住人情報をきく、(2)自分でも近隣住人にヒアリングしてみる、(3)壁や床を叩いて厚さや音の響き方をチェックするなど、自衛手段を講じるとよいでしょう。
また、昼間と夜とで住人の在宅状況も異なるので、夕方や夜間にも物件を下見しておくことをおすすめします。

季節によって発生するトラブル
いろいろな季節に下見ができればベストですが、現実的には難しいもの。1年を通してどのような環境になるのかを想定して、部屋選びをすることが大切です。
また、近隣住人にヒアリングしてみるのも、トラブルを防ぐのに有効ですよ。

事前調べを忘れずに
物件の内見や事前調べはとっても大事！もし失敗しても、次に引越すまでに時間と費用がかかってしまいます。
内見のポイントは下記記事をぜひ参考にしてみてくださいね。


",,13/7/2023,17,TRUE,0,0,0
88,先輩のありがち失敗談に学ぶ！「新居選び＆引っ越し」成功術 2.txt,"a	
収納が少なくて困っています。日用品のストックがしまっておけないし、クローゼットも小さくて服が入りきらないです（ちなさん）
b	
１LDKにしたが、手狭になり引っ越しを検討中。引っ越すのにもお金がかかるし今の場所が良いという気持ちもあるので、最初から２LDKにすればよかった（ARILYNさん）
c	
日当たりがいいだろうと思って南向きの部屋を選びましたが、１階なので日差しが入りにくく、湿気がこもりやすい部屋でした（ぱるかさん）
INDEXへ戻る
【引っ越し】の成功術１「シーズン・曜日・時間」

時期を選べるなら、閑散期の平日にすべし

引っ越しの料金に大きく関わるのが「シーズン・曜日・時間」。特に春は進学・転勤で繁忙期に当たり、どの会社に依頼しても料金が割高に。その中でも特に土日、平日でも休前日は割高になる傾向があります。

もし時期を選べるのなら、春や秋の繁忙期は避けたいもの。夏や冬は外での作業が大変ですが、料金は抑えやすいでしょう。また、仕事を休めるなら平日がオススメです。

時間を指定しなければ低料金になることも多いですが、作業時間が夕方や夜になってしまうので、その点はよく考えましょう。

 引っ越しのココで失敗しました

a	
３月の繁忙期に引っ越しをしたため、引っ越し会社に支払う料金が高くついてしまいました（Mさん）
b	
お昼すぎから搬出作業の予定でしたが、繁忙期で前の引っ越しが押していて、夜になってしまいました。引っ越し先でいきなり夜に作業をするのが迷惑になっていそうでヒヤヒヤしました（Hitomiさん）
c	
変なところでけちってしまい、時間指定のオプションを付けなかったのが失敗。かなり夜遅くになってしまい、後悔しました（萌香さん）
INDEXへ戻る
【引っ越し】の成功術２「引越し会社・プラン選び」

引っ越し会社は複数社に相見積りを取るべし

引っ越しは会社によっても料金が違うもの。複数社に同じ条件を伝えて、各社の見積金額とサービス内容を見て比較検討しましょう。

インターネットなどでの簡易見積りも可能ですが、やはり荷物の量や作業現場を見てもらわないと現実的な料金が出ないため、現地での見積りはマスト。対面すると断りにくく、「押しに負けて１社目で決めてしまった」という声が多いので、自信のない人は彼や親などにも立ち会ってもらうと安心かも。

 引っ越しのココで失敗しました

a	
最初に連絡した引っ越し会社の押しが強くて決めてしまいましたが、梱包材は購入しないといけないなど、聞いてない、当然付いていると思っていた……ということが多々ありました。もう少しじっくり落ち着いて検討すればよかったです（加藤玲香さん）
b	
引っ越し会社に見積りに来てもらったとき、私ひとりで対応したのが失敗。相手の圧に負けてしまい、最初の１社で契約してしまいました。時間にもまだ余裕があったので、ほかにも何社か見積りしてもらえばよかった（萌香さん）
INDEXへ戻る
【引っ越し】の成功術３「ダンドリ」

引っ越しの作業スケジュールや順序を話し合って共有すべし

引っ越しは作業スケジュールを細かく決めて、ふたりで共有することが大事。例えば、まず新居に「持って行くもの」「持って行かないもの」（処分するもの）に分けること。次に、持っていくものを「すぐには使わないもの」「すぐ使うもの」という順番で梱包していくのが鉄則です。

また、電気・水道・ガス・インターネットなど開始手続きが必要なものは、早めに連絡を。引っ越しの繁忙期には、これらもスムーズにいかないことがあるので、とにかく早め早めを心掛けましょう。

 引っ越しのココで失敗しました

a	
彼が先に荷物を運び入れ、後から私が引っ越すスケジュールだったのですが、彼の荷物が多すぎる上に整理されていなかったので、普通の引っ越し作業に加えて彼の荷物の整理をする羽目になりました（ぱるかさん）
b	
電気や水道の開始手続きを彼が済ませておいてくれたのはよかったのですが、口座引き落としの手続きまではしていなかったことが後で発覚。知らずに滞納扱いになってしまいました（なつさん）
c	
引越しシーズンだったこともあり、インターネットの開通工事の予約がなかなか取れませんでした（Ashenbertさん）
From 編集部

ふたりでよく話し合って後悔のない新居選び・引っ越しを

先輩花嫁の失敗談にもあったように、新居選びや引っ越しでは、予期せぬことが起こることも。新居選びでは新生活とその先の将来までしっかりとイメージし、引っ越しでは繁忙期を避けて計画的に作業を進めていくことがポイントといえそう。ふたりでよく話し合って、後悔のない新居選び・引っ越しを成功させましょう。
",,27/10/2023,18,TRUE,0,0,0
96,先輩のありがち失敗談に学ぶ！「新居選び＆引っ越し」成功術 1.txt,"彼との新生活スタートは想像しただけでワクワク。でも、ふたりで暮らす新居選び＆引っ越しには、１人暮らし経験者でも失敗が付き物。よく確認しなかったことで「こんなはずじゃ……」と後悔することも出てくるようです。そこで先輩花嫁たちにアンケートを実施。ありがち失敗談から、新居選び＆引っ越しの成術術を学びましょう。
【新居選び】の成功術１「周辺環境・エリア・アクセス」

周辺をデートして暮らしのイメージをつかむべし

新居を選ぶとき、多くの人がこだわるのが「周辺環境・エリア・アクセス」など。例えば駅やスーパーが近くにある、子育てのしやすいエリア、勤務先や実家へのアクセスなど、住まいを「どこ」に構えるかによって暮らしが大きく変わります。

新居の候補物件を見に行くときは、周辺をデートしながらそこでの生活をイメージしてみましょう。例えば「遅くまでやっているスーパーがあるね」「駅から近いけど、信号が多くて時間がかかるね」など、実際に歩いてみてわかることがたくさん。

また、市区町村の制度なども確認を。中には結婚や出産時にお祝い金が出るところもあります。さらにそこで育児をするなら、待機児童の数、子どもの医療費についても要チェックです。

 新居選びのココで失敗しました

a	
近所にスーパーがないことは事前にわかっていましたが、住んでみると本当になくて、ちょっと買い物に行きたいときに不便さを実感しています（あっぷるさん）
b	
すぐ隣の町なら、結婚祝い金をもらえる制度がありました。立地的にほとんど変わらない場所なので、隣の町に引っ越せばよかったです（ちゃんまりさん）
c	
職場までの距離が微妙でした。バスだと踏切に引っ掛かって朝はかなり時間がかかるし、電車だと遠回り。もう少し職場の近くにこだわればよかった（えぃみぃさん）
【新居選び】の成功術２「設備・仕様」
そこでの毎日の生活から将来までを想像すべし
キッチンやトイレなど住居内の設備・仕様に加えて、集合住宅ではエレベーターや宅配ボックス、オートロックなどの共用設備も重要。特に２階以上でエレベーターのない物件は「今はよくても妊娠したりや子育てを想像したら大変そう」という声がアンケートでもたくさん挙がっているので、将来の家族計画も見越して考えたいポイントです。

最近はネット通販などで宅配便を利用する人も多く、宅配ボックスも「こだわればよかった」という声の多い項目です。

住居内の設備も、キッチンやトイレ、浴室などは重要ポイント。内見のときは、彼と一緒にそこでの毎日の生活をイメージしながらチェックしてみて。

 新居選びのココで失敗しました

a	
新居は４階ですが、エレベーターがありませんでした。しかも自宅の前も坂道なのでWパンチで結構キツイ。妊娠やその後の子育てなどを考えると、長くは住めないかもしれないです（中野野依さん）
b	
宅配ボックスがあることにこだわればよかったです。宅配便がたくさん届くのですが、いつも時間指定して来てもらっても、そのとき在宅できずに再配達になってしまって、私たちも宅配業者さんもお互いにストレスなので（えぃみぃさん）
c	
IHクッキングヒーター派で広いキッチンが好きなのですが、新居を選べる期間が限られていて、しかも彼がキッチンへのこだわりがまったくなく、説得しきれずに狭いガスコンロのキッチンに。そこで得た教訓から、転勤で引っ越しするときは、好みのキッチンが譲れないポイントになりました（hitomiさん）
INDEXへ戻る
【新居選び】の成功術３「間取り・広さ」

間取り図を見るだけではなく実際の広さ・明るさを体感すべし

部屋の広さや間取り（○LDKなど）、動線の便利さや部屋の向き（方位）などは、間取り図を見ただけではわからないこともたくさん。中には、部屋の広さを大きく取るために、収納をなくしたり小さくしたりしている物件もあるので注意が必要です。

特にクローゼットや玄関収納は、今の自分の住まいより大きくても「ふたり分の衣類や靴が入るか」を要チェック。部屋数も、在宅勤務が増えた人はこだわりたいポイントです。家にいる時間が長い人は、日当たり・風通しの良さ、外からの騒音などもぜひ
チェックして。

 新居選びのココで失敗しました
",,22/5/2023,17,TRUE,0,0,0
106,新生活失敗談5選.txt,"カーテンの準備を後回し
新生活といえば引っ越し。いろんな準備に追われますよね。新しい住居を決めるところから荷造りや、新しい家電家具の購入など…そんな中でついうっかりしがちなカーテン選びと購入。変わった形の窓だったりしたらオーダーカーテンとなりすぐには購入出来ないことも。

新しい住居の内見の時にメジャーを持っていってカーテンの寸法は測っておき、準備するものの最優先にカーテンの購入を入れておかないと大変なことになります。

いざ引っ越し！…そのタイミングで、カーテン買ってなかった！？となれば、最悪数日はカーテンの無い家で過ごすことになってしまいますよね。防犯の面でもカーテンは非常に重要なので、引っ越し当日の前までにはカーテンを購入し、取り付けも済ませておきましょう。
カーテンのサイズを間違える
新生活を始めるにあたって、引っ越しする場合カーテンを新調することに。ちゃんと引っ越しの前日までに準備を済ませた！はずが…

サイズを測り間違えて丈が短くなってしまった。逆に長過ぎてしまった、その他幅が短くしすぎてちゃんと閉まらないなどなど…これ、意外とよくあるみたいなんです。
長すぎると見栄えが悪いし、短すぎたらせっかくの遮熱効果なども存分に発揮できなくなってしまうかもしれませんよね。
忙しくても、カーテンのサイズの測り方は慎重に行った方が良さそうです。

カーテンの色を間違える
カーテンにもいろんな種類があり、お部屋の印象も大きく変わるアイテムかと思います。



このように、色が違うだけでガラリと印象が変わりますよね。
カーテンを先に決める時に、自分の趣味で決めたものの、家具を揃えていったら全然色味が合わない！ということになることも多いみたいです。
中には、ワンルームで真っ黒なカーテンを選んでしまい、部屋がすごく狭く見えてしまうようになったなどの例もあるので自分のお部屋に合ったカーテンを選びたいですね。
部屋を広く見せたいのであれば、膨張色を選ぶとよいかもしれません。
また、壁の色、床の色との相性もあるので、物件の内見の時に写真を撮ってカーテン選びをされるとうまくいきそうですよね。
カーテンの選び方を知っておしゃれな部屋に！プロが教える6つのコツ  
インテリアの統一感がなくなった

新生活を始めるにあたり、インテリアも新調したいところ。
いろんなメーカーで手当たり次第購入して置いていった結果、全然まとまりのない部屋になってしまった…なんてこともよくあるみたいです。
一つ一つは良いものでも、組み合わせが悪いと全体的に見た印象がよくなくなってしまうということは起こりがちなので、アイテムは少しずつ揃えていき、落ち着いたところで同系色で追加で購入する、という方法が無難かもしれません。
計画性がなくごちゃごちゃ狭い部屋になった

とにかく必要なものを次から次へと購入し、どんどん届いてくるインテリア、家電…。気がついたら部屋がぎゅうぎゅう詰めに…なんてことにも。

狭い家にならないためには、やはり最初に一番大事なものを置いて、そこから逆算して置けるものを選択していくとよいかと思います。一人暮らしであればベッドなのか、布団なのかを先に決めて部屋のレイアウトを考えていくのがベストです。あとはカスタムしやすい物を選んで部屋にあったサイズに調整できると良いですね。
部屋を広く見せる3つの注目ポイント！おすすめの家具・配色・視覚効果とカーテン3選
番外編：家具の組み立ては一人では限界がある
これは番外編ですが、新しい家具は組み立て式のものも多いと思います。
一人でやろうとすると、何がどうなってるの？となったり、ここ持ちながらこっちネジつけるのできない〜！など、思わぬところで時間がかかってしまうこともありますよね。誰かに一緒に組み立てを頼むか、発送と組み立ても一緒にやってくれるインテリアショップにお願いすると良さそうですね。
最後に
如何でしたか？今回は新生活の失敗談5選をご紹介しました。
新生活ってやることがたくさんあるのでうっかりはやらかしてしまうかもしれません。スタートから挫けないように入念にチェックしてみてくださいね！
",,30/5/2023,17,TRUE,0,0,0
33,なんとなく転職したけど、私のやりたいことって本当にこれだっけ1.txt,"一番早く内定が出た会社に飛び付いて、安易に決めてしまったので、後悔している。
（男性／27歳／サービス）

転職活動を始める時は、自己分析をしっかりと！　また、多くの求人情報を見ていこう自己分析をおろそかにしてしまうことや、多くの求人情報に目を通さないことで、転職後に後悔するケースがあります。ミスマッチを防ぐために、転職活動の初期段階で、まずはしっかり自己分析をしておきましょう。
自己分析が苦手な人は、積極的に外部の自己分析ツールやサービスを活用すると良いでしょう。マイナビ転職では適性診断サービスを提供しているほか、転職ノウハウセミナーや転職フェア・イベントで個別の転職相談会も行っています。
また、転職サイトのメールマガジンやスカウト機能を活用して、多くの求人情報を見ておきましょう。さまざまな求人情報の仕事内容をよく読むことで、業界や仕事への理解が深まり、「やりたい仕事」をより具体的にイメージできるようになります。更に、自己分析によって導き出した自分の志向性と、よりマッチした仕事に巡り合える可能性も高まります。
どうしてもやりたいことが自分の中でハッキリしない場合は、転職先を選ぶ際に「自分が何をやりたいか」はひとまず置いておき、「自分には何が業務として合っているか」と「譲れない労働条件（給与や労働時間）」をもとに、割り切って転職先を選ぶことも間違いではありません。
",,16/4/2023,9,TRUE,0,0,0
81,ワンマン社長がいた　振り回される毎日を送る羽目に.txt,"希望の職種で転職できたは良かったものの、小さな会社で社長がワンマン経営のため社内の雰囲気がすごく悪い。離職率も高かった。
（男性／30歳／営業）

転職した先は、社長がワンマンで、営業成績が悪いとすぐにクビになってしまう会社だった。
（男性／36歳／コンサルタント）

社員同士があまり協力的ではなく、社内の雰囲気も大変悪かった。更に、社長もワンマンのため、社内や社員の様子にはまったく目を向けようとはしなかった。
（女性／29歳／管理・事務）

思い切って社員に、社長について聞いてみるのも手
小さな会社は往々にして社長の存在が大きいことも。社長自ら面接を行うことも珍しくないため、その場で自分との相性を見極めましょう。また、「社員の皆さまから見て、御社の社長はどのようなお人柄だと思われますか？」といったように、面接官である社員に社長のことを聞いてみるのも一つの手。当然、悪しざまには言わないはずですが、言葉のニュアンスから社員と社長の距離感をつかむことができるかもしれません。
",,30/8/2023,9,TRUE,0,0,0
86,入社後に発覚　求人票や面接で聞いた労働条件が違う.txt,"入社してみたら、面接の時に聞いていた労働条件、給与額と違っていた。特に給与が想定していたより低いのは、生活が苦しくてつらい……。
（男性／26歳／サービス）

入社する前に聞いていた正社員登用の話と、実際に入社してから聞いた正社員へのステップアップの方法が違っていた。
（男性／28歳／販売）

働き始めてみると、求人票に書いてある内容と大きく違うところがあり、収入も減る一方だった。
（男性／29歳／クリエイティブ）

内定後にもらえる労働条件通知書をしっかりチェックしよう
こうした失敗を防ぐためには、内定が出てから入社するまでの間に労働条件通知書をもらってチェックすることが有効です。通知書には、勤務地や仕事内容、休暇、賃金、退職などについて明記されていて、これを労働者に交付することは雇い主の義務になっています。転職はスキルや経験によって給与額が異なるため、求人票の「最低保証金額」と通知書の賃金に関する項目を見比べておきましょう。
もし労働条件通知書の内容が、求人票や面接で聞いた内容と異なっていた場合は、すぐに希望転職先に確認しましょう。それでも相違があれば入社の取りやめも可能。内定承諾後であっても、この場合、入社を取りやめることはルール違反にはなりません。入社後にストレスをためるよりも、転職活動を再始動して、別の勤務先を探した方が良いでしょう。
",,15/5/2023,9,TRUE,0,0,0
90,ミスマッチ　希望を胸に転職したものの、思ったより活躍できなかった 1.txt,"年収が上がると期待し転職はしたが、思うように活躍できず年収は変わらないままでした。
（男性／36歳／販売）
",,11/4/2023,9,TRUE,0,0,0
91,ミスマッチ　希望を胸に転職したものの、思ったより活躍できなかった 4.txt,"自分の経験と照らし合わせながら、面接でその仕事の難易度を探っていこう
原因はスキルのミスマッチ。これを防ぐためには、業界・企業・仕事についての研究をしっかり行うことが前提となります。面接時にも、具体的な業務内容に踏み込んで聞いていきましょう。例えば営業なら「ノルマはキツいですか？」とストレートに聞くことは印象が悪くなることもありますので、「前職ではこのくらいのノルマがあり、このような評価基準がありましたが、御社ではどのようになっていますでしょうか？」「ルート営業と新規開拓のバランスについて、御社のホームページや求人情報からこのように捉えていますが、いかがでしょうか？」といったように自らの経験や考えを交えながら質問すると良いでしょう。
もちろん、スキルのミスマッチを自覚しているにもかかわらず、どうしても入社したい、という場合もあると思います。その場合は、業務の開始までに足りない知識などを自分で勉強していくことで、スキルのミスマッチを少しでも解消するという選択肢があることも忘れないでください。
",,12/11/2023,9,TRUE,0,0,0
92,ミスマッチ　希望を胸に転職したものの、思ったより活躍できなかった 2.txt,"正社員という形にこだわりすぎて、自分がまだ未熟なのに背伸びをかなりして転職してしまった。そのため、仕事についていけない。
（男性／37歳／管理・事務）
",,3/1/2023,9,TRUE,0,0,0
93,ミスマッチ　希望を胸に転職したものの、思ったより活躍できなかった 3.txt,"未経験の仕事でステップアップを図ろうとしたが、準備不足・勉強不足が原因で人間関係が悪くなった。
（男性／39歳／広告）",,1/6/2023,9,TRUE,0,0,0
95,なんとなく転職したけど、私のやりたいことって本当にこれだっけ2.txt,"自分がやりたいことをハッキリとさせないまま転職したので、本当にこの仕事を続けていいのか迷いが出てきた。
（女性／32歳／サービス）

どんな仕事があるのかをよく調べず何となく目に留まった会社に応募し、内定。今ではもっと別の仕事に就けば良かったと思っている。
（女性／31歳／医療・福祉）
",,4/1/2023,9,TRUE,0,0,0
98,やってみたかった仕事に就いたのに……。こんなはずじゃなかった.txt,"前からやってみたかった仕事内容に引かれ転職したが、自分が思っていた仕事と違った。給料も低く、社内の雰囲気も悪かった。
（女性／22歳／管理・事務）

やりたい仕事があり転職したが、収入が大幅に下がってしまい生計が立てられなくなってしまった。
（男性／35歳／製造）

デザインの仕事がしたくて就職したにもかかわらず、仕事の大半がデザインに関係ない仕事だった。
（32歳／女性／クリエイティブ）

やりたい仕事があって転職をした。しかし、転職した矢先に会社の経営状態が悪化し、やりたいと思っていた仕事ができなくなってしまった。
（38歳／男性／ITエンジニア）

「やりたかった仕事」こそ、仕事内容や会社への理解を徹底的に深めよういわゆる「ずっとやってみたかった憧れの仕事」はイメージが先行しがちです。転職の場合は、より具体的な仕事への理解のために、ネットでの情報収集はもちろん、人脈を頼り、目指している業界や職種で働いている人の生の声をできる限り集めることも大切です。仕事内容だけでなく、目指している業界の市況や、それぞれの会社の経営状態などを聞いてみることも必要。頼る人脈がなければ、面接のタイミングで職場見学や、同じ部署の社員と面談の機会を設けてもらうことはできないか、希望転職先に打診してみましょう。
また、転職する前には必ず、仕事内容や給与、社風、労働時間などのうち、どの点が譲れないか、逆にどの点なら妥協できるのか、かなえたいものの優先順位をつけておくことも大切です。そのうえで、転職後にそこで3年働けるかを考えてみましょう。例えば給料が安くても、「この仕事内容であれば3年間は続けられる」と思えるかどうかが判断のポイントになるはずです。
",,3/9/2023,9,TRUE,0,0,0
110,思っていたより残業が多い、会議が長い……。早く帰れない.txt,"実際に入社してみると、面接で聞いていた印象よりも残業が多い。確かに繁忙期は残業があると聞いていたが、ここまで多いとは思っていなかったので、心身共に毎日疲れてしまっている。
（男性／29歳／管理・事務）

転職先では、就労時間外なのに会議の予定などを入れられる。しかも、意味がなくダラダラと長い会議をやる社風。せめて就労時間内にしてほしいと心から感じた。
（女性／37歳／管理・事務）

事前に聞いていた勤務時間・残業時間が実態とは大きく違い、社内の雰囲気と仕事内容にもついていけず、結局、転職後4カ月で退職した。
（女性／29歳／広告）
その会社で働く人の「一日の流れ」を求人情報、ホームページ、面接などで探ってみよう
実際の職場の忙しさを知るために、面接などで「一日の業務の流れ」を聞いてみましょう。業種によっては繁忙期と通常期のギャップが激しいケースもあります。そのため、繁忙期の1日の流れ、1カ月の流れなども聞いておくのがおすすめです。会議の頻度や長さも、ある程度は知ることができるでしょう。
話を聞いたうえで労働時間の面で妥協できない場合は、ハッキリと面接で伝え、落としてもらうのも一つの手。いざ採用されても短期で辞めてしまうと、その次の転職で人事の印象が悪くなることもありますので、注意してください。
",,6/6/2023,9,TRUE,0,0,0
3,「やっちまった…」男性10人の初デート失敗談9.txt,「一度あるデートを台無しにしたことがあります。友人の紹介だったんですが、彼女とはその日が初対面で、ちょうど母の日の直後でした。だから、母の日に僕と兄弟が母のためにしたサプライズ（母がずっと行きたがっていた宿に、週末連れて行ってあげた）について話しました。色々面白い小話もあったりして、彼女も感心して僕のポイントアップにつながるといいな、なんて思って話していたら…突然彼女が泣き出したんです。蓋を開けてみると、なんと彼女のお母さんは最近亡くなったばかりだったそうで、そのまま涙に暮れる彼女を家まで送り届けることに。今でも彼女とは付き合っていて、もうすぐ2年になりますが、その時のことに関してはひたすら自分を責めましたね…。僕らをくっつけた友人も、先に教えといてくれよって感じですけど」（マット／29歳）,,2/4/2023,10,TRUE,0,0,0
6,「やっちゃった……」今だから言える高校生の大失敗エピソード1.txt,"きちんと返事をしていれば…… 
すごく仲良かった友達にLINE上で告白された時に、YESともNOとも言わず、曖昧な返事をしたら、それ以降次第にフェードアウトしていき、今ではもう話さなくなってしまいました。
学校にいる間も、帰ってからはLINE上でずっと話していたほど仲良い友達だったので、そんな友情が自然消滅してしまったことが悲しいです。今振り返ると、彼のことは好きだったのでYESと言えばよかったなあと後悔しています。(Summer=3年)
",,27/12/2023,5,TRUE,0,0,0
8,「やっちまった…」男性10人の初デート失敗談8.txt,「僕の大好きなレストランに彼女を誘ったら…なんと僕の両親もそこにいたんです。結局、初デートで彼女は僕の両親と対面することになってしまいました」（セス／30歳）,,24/3/2023,10,TRUE,0,0,0
9,「やっちゃった……」今だから言える高校生の大失敗エピソード4.txt,"さすがにやりすぎかな？　先生へのいたずら
先生にビワを投げつけてしまったこと。
私の学校にある、小さいきゅうりみたいな植物を、先生からドッキリで投げつけられたんです。その代わりに、ぐじゅぐじゅの熟したビワを投げ付け返しました！　すると、先生の洋服は、めちゃくちゃオレンジになっていました。
また、国語の授業中に、友達に「海賊王に俺はなる！」と何気ない顔で教室から出ていかせて、何気ない顔で戻ってくると言うドッキリをやらせました。先生に、かかわった人は立てと言われましたが、立たなかったこと、めちゃくちゃ後悔してます（笑）(はなとぅぶ＝3年)
",,4/8/2023,5,TRUE,0,0,0
10,「上司にブチ切れ！」「手作り弁当で食中毒」……花見での失敗エピソード3.txt,「彼女と彼女の友人カップル4人で花見に行ったときのこと。花粉症だった僕は、みんなで買ってきたお弁当に向かって大きなくしゃみを一発！　唾と鼻水をぶちまけ、台無しにしてしまいました。さらには酔いつぶれ、気がついたときにはひとりタクシーの中。『3人で遊んでくる。気をつけて帰ってね』という彼女からのメールを見たとき、惨めになりました」（29歳・男性・会社員）,,10/9/2023,0,TRUE,0,0,0
11,「上司にブチ切れ！」「手作り弁当で食中毒」……花見での失敗エピソード4.txt,"「社会人2年目の頃、同期と2人で花見の場所取りを任されたんですが、見事に二人とも寝坊。やっとのことで確保するも、シートが3か所に分かれてしまいました。しかも、そのうち1カ所のシートの近くにあった桜が遅咲きだったのか、ほとんどがつぼみという始末。上司や先輩には嫌味を言われ、新入社員には苦笑いを浮かべられて……肩身が狭かったですね」（28歳・男性・会社員）
",,18/10/2023,0,TRUE,0,0,0
16,「上司にブチ切れ！」「手作り弁当で食中毒」……花見での失敗エピソード1.txt,「早い話が、飲み過ぎました。『僕、強いんで！』と息巻いたら、案の定先輩や上司にどんどん飲まされちゃったんですよね。あとから聞いた話では、上司の膝の上で寝たり、隣にいた女子グループ（僕の会社とは無関係）に下ネタを言いまくったりと散々だったみたいです。それからひと月くらいは、会社の人たちの僕を見る目が冷たかったなぁ」（27歳・男性・広告関係）,,1/5/2023,0,TRUE,0,0,0
18,「上司にブチ切れ！」「手作り弁当で食中毒」……花見での失敗エピソード 2.txt,「花見といえば無礼講！　というわけで、酔いにまかせて上司に毒づいたところ、ブチ切れられました。一気に場の空気が悪くなり、盛り上がることもなく解散。翌週からその上司のあたりが妙にキツくなり、異動するまですごくつらかったです。無礼講って言っていたのに！」（29歳・女性・サービス業）,,27/7/2023,0,TRUE,0,0,0
20,「やっちまった…」男性10人の初デート失敗談2.txt,「初デートに12時間近く遅刻しました。土曜日に会おうという話をTinderでしていて、彼女は夕飯を食べに行こうと言ったんですけど、僕はその日会社に行かなくちゃいけないから難しいと話しました。でも11時くらいだったら可能だと。遅い時間なのはわかっていましたが、9時と言っておきながら仕事を終えられなかったらまずいと思ったので。いずれにせよ、午後11時のつもりで僕は話をしていて、彼女も了解してくれました。でも彼女は、午前11時と勘違いしていたんです…。出社して、携帯を見る暇もなくあくせく働いていると、午後3時頃、彼女から『どこにいるの？』『ねぇ大丈夫？』といった大量のメールが届いていることに気づきました。とにかく平謝りして、なんとか仕事をそれなりの時間に上がらせてもらい、お詫びに夕飯をごちそうさせて欲しいと彼女に懇願しました。その時点で彼女は相当怒っていて、会ってはくれたものの、終始冷ややかな態度で、当然上手くはいきませんでした」（マイケル／28歳）,,22/5/2023,10,TRUE,0,0,0
21,「やっちまった…」男性10人の初デート失敗談4.txt,"「思いっきり酔いつぶれてしまいました。その日はあまりまともに食べていなくて、気づいた時にはもうフラフラで。彼女は友達に迎えに来てもらって、自宅まで送ってもらったようです…」（スティーブ／27歳）
",,4/3/2023,10,TRUE,0,0,0
22,「やっちまった…」男性10人の初デート失敗談1.txt,「彼女のお兄さんに、車をぶつけてしまいました。もちろん強く当たったわけではなかったので、命に別状はありませんでしたが。順調だったデートの帰りに、彼女を家まで送った時でした。家の前の道路に車を寄せながら（もうすぐ止まる直前で）、彼女の方に顔を向けて、おやすみのキスをしようと話し始めた途端、彼女が『前見てー！』と叫び出して。そこをお兄さんが通りかかっているのに気づかなかったんです。でも彼の方は、僕が気づいていると思ったようで、道の真ん中で立ち止まり、そのまま…。彼の体がボンネットの上に乗り上げて来た時、僕は一瞬本気で刑務所行きだと思いました。幸いお兄さんは無事で、奇跡的に彼女との付き合いもその後しばらくは続きました」（リッチ／29歳）,,7/12/2023,10,TRUE,0,0,0
23,「やっちまった…」男性10人の初デート失敗談10.txt,「ある時、食事のメニューを見ながら、デート相手にベジタリアンは無意味だという持論を説いていました。ところが、その彼女がベジタリアンだったんです」（ジェイ／27歳）,,25/6/2023,10,TRUE,0,0,0
26,「やっちまった…」男性10人の初デート失敗談3.txt,「ある時仕事でつかまってデートに遅れてしまい、デート中もずっと仕事の愚痴をこぼし続けてしまったことがありました。腹ペコだった僕はビールとハンバーガーを頼みましたが、彼女は何も注文せず、ただ静かに僕の愚痴を聞いているだけでした。最後まで何も言われませんでしたが、当然いい印象は残せていないはずです」（ブレット／28歳）,,21/12/2023,10,TRUE,0,0,0
28,「やっちまった…」男性10人の初デート失敗談6.txt,"「僕の発案で、森にハイキングに行ったんですけど、僕のせいで迷子になってしまいました。もちろん、レスキュー隊が捜索に来るような""迷子""ではありませんが、森の中で2時間ほど彷徨うハメに。彼女はアウトドア系の子ではなかったので、散々な思いをさせてしまったと思います。その後電話もメールも一度も返してくれませんでした」（デリック／27歳）
",,14/3/2023,10,TRUE,0,0,0
29,「やっちまった…」男性10人の初デート失敗談5.txt,"「彼女をシーフードレストランに連れて行ったら、なんと彼女、シーフードアレルギーだったんです。すごくいいお店だったので、彼女も笑って許してくれましたが、メニューを見てもほとんど食べられるものがなく、結局別のお店に移ることに…」（イーサン／27歳）
",,10/8/2023,10,TRUE,0,0,0
30,「やっちまった…」男性10人の初デート失敗談7.txt,"「""デート""と呼ぶには大げさかもしれませんが、ある時Tinderで知り合った女の子と会う約束をしたんです。彼女が手に入れたばかりのオーダーメイドの高級水タバコを一緒に試したいと、彼女も楽しみにしていました。当日僕たちはそれを吸いながら、彼女が色々説明してくれていたんですが…次の瞬間、僕の手からそれがすべり落ちて、割れちゃったんです。一瞬にして空気が変わりました。もちろん弁償しましたよ。でも、損ねた彼女の機嫌は、その日とうとう直りませんでした」（ジョン／28歳）
",,27/6/2023,10,TRUE,0,0,0
44,あっけなく損する｢投資初心者｣4つの失敗類型.txt,"【失敗1】SNSで話題の銘柄に飛び乗る 
古くはYahoo！掲示板、2010年代中盤からはTwitterの株クラスタ（通称株クラ。株式投資を話題にするSNS上の集団のこと）、2020年頃からはYouTubeと、個人投資家がネットで情報収集する環境が移り変わってきました。 
ネット上の情報は無料で手軽に手に入りますし、話題の銘柄がすぐにわかります。しかし、SNSで話題になっている銘柄に飛び乗るのは本当に危険です。それで失敗してきた個人投資家を多く見てきました。理由は次の通りです。 

【失敗2】売買の根拠が「ストーリー」「夢」 
これも本当に多くて困っています。「ストーリー」や「夢」を推奨する株式投資本もたくさんありますし。 
投資では将来伸びる業界や会社にお金を投じることで、ハイリターンを得ることができます。その会社が置かれた業界や環境のポテンシャルを、私も投資判断の際に重視しています。 
近年は気候変動が無視できないレベルで悪化してきていますが、自然環境に優しい再生可能エネルギー、電気自動車が急速に普及してきています。米国株のテスラは、コロナ禍で株価が10倍以上になりました。 
ほかにも、食料問題を解決する農業テクノロジー、第3のIT革命と言われるブロックチェーンやメタバースなど、先進的なテクノロジーへの投資はとても魅力的に映るかもしれません。しかし、です。その企業が成功するストーリーを夢見て、会社の実態を無視して投資するのはリスクが大きく伴います。 
流れのある所に乗るということですね。ところがその思惑が行き過ぎてしまい、夢物語のようなストーリーを根拠に投資するのは危険です。

【失敗3】チャートの形だけで判断する 
株式投資で最もポピュラーな手法として、チャート分析が挙げられます。株価の値動きを示したローソク足の推移を見ながら予測し、売買を判断するものです。 

私も最終的な投資判断はチャートを見て行いますが、チャートの動き「だけ」で判断するのはお勧めしません。よっぽどの運に恵まれない限り、まず上手くいかないです。
特に個人投資家に人気なのが「移動平均線」。移動平均線とは、一定期間の株価を結んで平均化した折れ線グラフです。これによって、トレンドの方向や売買ポイントを探ることができます。オーソドックスなものですと、日足の5日・25日の各移動平均線、週足の13週・26週の各移動平均線がよく使われます。

【失敗4】短期売買を繰り返す
短期間に売買を繰り返すのも勧められません。特に資金が限られる個人投資家は、どうしても早く利益確定をしようとするため、その後の大きな上昇を取り逃すケースを頻発させています。
さらに、目線が短期だとこの後紹介するような全体相場を見られていないため、勝ちにくい時期にも売買し、結果的に資産を減らします。相場全体が過熱している時だと高値で買ってしまうリスクもあります。",,5/2/2023,16,TRUE,0,0,0
65,彼氏が本当にサプライズが苦手なタイプだった…失敗エピソード.txt,"今の旦那さんがまだ恋人だった時、誕生日にサプライズを計画しました。

彼は恥ずかしがり屋で、あまりサプライズが好きじゃないという話は本人からも聞いていました。サプライズDVD

でも、その時の私は「そうは言ってるけど、されたら嬉しいハズ！」「恥ずかしがっているだけ」と思い、だからこそサプライズをしよう、と決行することに。

サプライズといってもささやかですが、いつも行っているBARに行った時、店員さんにケーキを持って現れて皆でバースデーソングを合唱して…という流れでした。

お店でサプライズ
その場では彼は、「ありがとうございます。すいません、」などと言って喜んでいる様子でした。
私はしてやったりのドヤ顔。彼にサプライズの嬉しさを気づかせれた！とまで思っていました。

しかしその帰り道、彼は明らかに不機嫌で、目も合わせてくれない感じでした。
そして、真剣なまなざしで「おれ、本当にあぁいうの苦手なんだ、、ちょっとツラかったよ」と告げられました。

彼のキャラクター的に、皆の前にお祝い！なんて方法は、恥ずかしくて本当に受け付けないタイプでした。
それを自分の価値観を押し付けて、ドヤ顔していた私はどんなイタイ女なのか、、と申し訳ない気分でいっぱいに。

 

自分の感覚では理解しがたいですが、照れ隠しじゃなくて、本当に苦手なひとっているんだな、と。

それからは、私や彼の部屋で誕生日を祝うことにしています。",,26/1/2023,10,TRUE,0,0,0
82,上京したころ.txt,上京した頃、列車の中から東京拘置所が見える度に「今はアパート暮らしだけど、いつかこういう立派なマンションに住むんだ」と心に誓っていた。,,21/3/2023,17,TRUE,0,0,0
83,今なら笑える！片思い中の失敗エピソード.txt,"「好きだった彼が『守ってあげたくなるような、はかなげな女の子が好き』と言っていたのを小耳にはさんだ私。
か弱い女性にみられたくて、彼の前ではやたらと体調が悪いことをアピール。
そしたら彼から『お前、ずっと風邪引いてるな。体調管理できてないんじゃね？』と冷たい一言」（25歳／会社受付）

「彼の理想の女性が『どことなくミステリアスな、陰のある女性』って聞いてから、ずっとうつむき加減で少し暗めの女性を演じていたら、あだ名が『亡霊』になってた」（29歳／ホテル勤務）

「夜寝る前に、彼あての愛の告白LINEを作成しては、送信せずに消去、を繰り返してました。
読まれないのをいいことに『キスして欲しい』とか少々過激な内容も。
ある日、消去したつもりが送信してしまい、見事自爆しました」（30歳／美容師）

「酔っぱらって、友達に彼がいかにかっこよくて素敵か、というLINEを長々と送ったつもりが、間違えて本人に送っていました」（26歳／公務員）

「彼に自分を印象つけたくて、彼の行動を徹底リサーチ。
住んでいる場所や会社の最寄駅、休日によくいくカフェを調べました。
会社の帰りは彼の利用する駅で待ち伏せ、休日は彼が現れるまでカフェで粘って、彼を見かけたら「奇遇だね」なんて偶然を装っていました。
これで彼も私と運命を感じてくれるはず、って思っていたのに、気がついたらストーカー扱いされていました…」（27歳／会社事務）

",,2/9/2023,10,TRUE,0,0,0
89,ペーパードライバーあるある！やりがちな運転中の失敗談とは？.txt,"・講習を数時間受けて、一人で練習してみようとカーシェアを借りました。
車のエンジンをかけていざ運転しようとしたら、パーキングブレーキがどこか分かりません。パーキングブレーキの警告灯が消えないため動かず結局足元のパーキングブレーキに気づくまでに30分かかりました・・

・練習ついでにデパートの駐車場に入ろうとしたら、本当は進入してはいけない場所に入ってしまい大慌て…警備員さんがきて助けてくれましたがその後、放心状態で運転していたために5秒くらい逆走していました。
対向車が来なくて本当に良かった………

・車も歩行者もたくさん行き交うような大きな交差点で、交差点の先が渋滞してつまっているのに交差点に進入してしまい動けなくなりました。
そのまま信号が赤に変わって歩行者や交差方向の車が動き出し交差点のど真ん中で思いっきり邪魔するはめになりました……
どうにもならないので信号が変わるまで待ちましたが、じろじろ人に見られながらだったので時間がめちゃくちゃ長く感じました。

・交差点で右折するときに対向車は気にしていたのですが、対向の直進車の間にすき間ができた時に行ける！と思って行ったら対向車のスピードが思ったよりも早くて進路をふさぐ形になり突っ込まれました。
保険のおかげで自己負担はありませんでしたが右折の難しさを感じました。

・免許を取りたての時は走行は大丈夫でも、駐車しようとすると何回切り返してもまっすぐ入らないため、毎回夫に代わってもらっていました。

.カーシェアでは駐車場の狭さや停めてある車の位置が違います。
借りた場所に停めようと思ったら停めるまでの手順がわからなくて混乱……
冷汗タラタラ……結局駐車完了まで10分以上かかりました。
その間誰も駐車場にいなかったので良かったです……

・免許を取って父親を乗せて家の車でい練習をしていた時、車体間隔がつかめずにカーブでガードレールに接触させてしまいました。
当然父親は激怒したのでそれ以来トラウマになり運転できなくなりました。

",,18/10/2023,20,TRUE,0,0,0
99,ホワイトデーで失敗…。良くないプレゼントや忘れていた悲しいエピソード.txt,"・義理のお返しで女性が好きそうな果物を使ったお菓子をあげたら、果物が苦手だったようで家族にあげたと言われて失敗したなと思いました。30代前半

・チョコレートをお返しで渡したが、「私チョコレート食べれないんだよ…..」っと言われて気まずい空気になったこと30代前半

・初めて貰ったバレンタインデーのお返しでのこと。ショートカットの子にヘアアクセサリーをプレゼントしてしまって後悔したことがある。20代後半

・バレンタインのお返しに和菓子を渡したことがあるのですが、その方は和菓子の甘みが嫌いで後日知人に渡したような話を聞き、好みを確認して選べばよかったなと思いました。40代前半

・ホワイトデーが世間一般的になった頃、知人に有名なメーカーのキャンディ詰め合わせを買ってプレゼントしましたが、実際のところ、キャンディはあまり嬉しく無かったみたいでした。あまりにもストレートすぎました。50代

・前の彼女には、レストランと、その後にマグカップとトレーナーをプレゼントしましたが、合わなくてその後別れてしまったこと20代前半

・ミルクチョコレートが嫌いな人もいるので、食べられるか食べられないかをあらかじめ聞いておく方が吉だと思いました。／30代前半

・当時届いたお取り寄せのケーキが予想以上に小さく、足りなくて困った。買い出しに行った。／40代後半

・義理チョコでコンビニでお返しをしたら、即指摘された。／50代

・高校の部活で、バレンタインデーのお返しとして、出し物をしていた先輩がいた。／30代後半

・たまたま付けたカードの相手の名前を間違えた／30代後半

・本命に渡すものと義理を取り違えた事がある／40代前半

・忙しくてお返しを買うのを忘れてしまって、当日何も準備できなかった。30代後半

・職場のOLさんたちにお返しするのをうっかり忘れてしまい、暫くネタとして弄られた事。
冗談なのか本気なのかわからず、ある意味恐怖だった。それからは必ずお返しするように心掛けている。40代後半

・仕事が忙しくて、1日遅れになってしまい、相手に怒られたこと。40代前半

・せっかくGODIVAのチョコとクッキーを買ったのに、当日に持っていくのを忘れた事。30代後半

・すっかりホワイトデーというものを忘れており、1日おくれで義理返しをしたとき、まわりの視線が痛かった。40代後半

・日にちをずらしてホワイトデーをしたらあまり乗り気になってくれなかったこと。50代

・義理チョコをもらっていない同僚にお返しすることが未だによくある。／50代

・奮発してバラの花束をプレゼントしたら相手に引かれてしまいました。30代前半

・本命の彼女に高額商品をプレゼントして相手に気を遣わせてしまった／40代後半

・義理へのお返しで、ある程度の値段のものを返したところ、かえって気をつかわせてしまった事。／40代前半

・義理でも本命でもやり過ぎは良く無い。頑張り過ぎて下に見られてしまい、急に上手くいかなくなった。／40代前半

・20代の頃、当時付き合っていた彼女に、丁度ホワイトデー近くに金欠で予算は何とか捻出して300円ほどで、考えた結果、海外のチョコでしかも一見値段がわからなそうなチョコを購入しました。板チョコでアーモンドが入ってるものでしたが味には自信がなく、それでも今出来る精一杯のお返しでした。
彼女に渡すと、その場で一口食べ一言、あまり美味くない…でした。正直に予算がなかったと打ち明けると、許してくれました。
それ以降は、ホワイトデー＝資金準備。自分の中で鉄則としています。40代後半

・義理チョコのお返しで、職場の女性に安いお菓子を配ったら、ヒンシュクをかった／40代前半

・同僚へのお返しに安いクッキーを会社に持っていったら、思いのほか男性陣が値の張るものを持ってきていたので、いたたまれなくなった。／40代前半金がない・お金がかかる（男性）

・職場のお礼義理チョコをたくさんもらっていた頃は、お返しのたびに数万円が飛んでいった。

・ホワイトデー近くになるとデパ地下も男性客でごった返すし、荷物も重いので正直勘弁して欲しいと思った。30代後半

・一度、妻に旅行をプレゼントさせられたことです。40代後半

・バイト先の女の子にお金がなくて返せなかったことです。／40代前半

・学生の時に義理チョコを5つもらい、お返しに約10000円かかった事です。／30代前半

・ホワイトデー当日に喧嘩になってしまい、プレゼントも用意していたが結局あげられなかった。20代後半

・結婚してから分かったことですが、本命に対する（今の妻）お返しはいつもデートの際に選んでもらってそれを買う事が多かったのですが、本当は僕自身に選んでもらった物が良かったと教えられました。
良かれと思っていたのですがこれからは少し悩みながらも喜んでもらえるようなプレゼントを選ぶようにしようと思いました。30代前半

・お返しが気に入られずけんかになった30代前半

・べっこう飴が簡単だと思って作ったは良いが、包装後ベタベタしすぎてくっつきまくり大失敗した。30代前半

・学生の頃、母が作ったお菓子をお礼に返したことがあり、今思うと「ないなぁ」と反省しています。
",,10/2/2023,3,TRUE,0,0,0
100,破局のきっかけになった！彼氏とのデートの失敗談5つ.txt,"（1）彼氏は無視？自分の趣味を最優先
「絶叫マシン嫌いな彼と、大好きな私。当時、夢の国に何度も行っていて……『怖くないから大丈夫！』と毎回、彼を絶叫アトラクションに強制連行していました。彼の誕生日の日にも同じことをしたら、その夜に『一緒にいても楽しくない』と別れを告げられました」（28歳／メーカー会社勤務）

（2）ショッピングは女友達とすべし？
「買い物が好きなので、デートは私の買い物に付き合ってもらうことがしばしば。試着して『これどうかな？』というやりとりも好きなんです。なのに『A子と出かけても女性ものの店でずっと待ってるだけで気まずいし疲れる』と言われ、喧嘩のすえ破局。それ以降、買い物は女友達と行くようになりました」（26歳／通信会社勤務）

（3）映え撮影に我慢の限界？
「日々、SNS用の映え写真を撮るのに必死の私。デート先のレストランでも料理がきてから、料理の撮影をして……私のことを撮影してもらって……食べ始めるまでに15分くらいかかります。ある日、『デート中くらい写真撮ったり編集したりするの我慢できないの？』と怒られ、それが引き金となり破局」（27歳／フリーランス）

（4）経験者発言で不愉快にさせた
「元カレがすべてデート先を決めてくれていました。昔の彼と行ったことがある場所は、つい『ここ、〇年前に来たことがある～懐かしいなぁ』とポロッと言ってしまっていて。ある日『いちいち元カレの話題を出してくるの本当にストレス！』とキレられ、デート先を決めてくれなくなり、徐々にフェードアウトされました」（30歳／ネイリスト）

（5）当たり前のように財布を出さなかった
「いつも彼がデート代を払ってくれていたので、それが当たり前になっていて。ある日、彼が財布を忘れて。私が払えば済む話なのですが、とっさに『なんで忘れてきたのー？』と言っちゃって……。そこから彼の態度が激変。冷たくなり、最終的にフラれました」（29歳／公務員）",,10/10/2023,10,TRUE,0,0,0
101,日本一時帰国の時にやらかしまくってる.txt,"飲食店入店時の挨拶間違えた
飲食店に入って店員感が気付いてない時、韓国は「アニョハセヨ」（JP：こんにちは）日本は「すみません」なのですが…一時帰国中、喫茶店に行った時、大きな声で「こんにちは！」と発してしまい、みんなからの冷たい視線を感じました（笑）
声デカくて注意された
これは韓国留学生経験者ならわかるかも！？
韓国にいると、店のBGMや周りの声が大きくて
自然と声量が大きくなるんです。
その勢いで、家族や友達と話してたら、「うるさくて恥ずかしい。」と注意されちゃいました（笑）
みんなを置いてってしまった
これは私だけ！？
なんといっても韓国はパリパリ文化なので、歩くスピードも速い！！！！
そんな韓国人のペースに合わせて歩いてたら、自然に歩くスピードが速くなってました（笑）
気付いたら一緒にいた友達を置いてってました。
ごめん…
韓国のバスは「前ドアから乗車、後ろドアから降車」
日本とは真逆なので、間違えちゃいました。バスが到着しても、ずっと前側で待っていて、「なんで開けてくれないんだろう？」と思ったその時やっと気づいて冷や汗…（笑）みなさん気をつけてください！！（私だけか笑）
変な日本語で話しちゃった
「忙しくバタバタしてる」と言いたかったのですが…
私から出た言葉は「精神がない」でした。
韓国語を直訳した日本語を発してしまい、周囲が？？？となりました（笑）
新しい言語を学ぶと、既存の言語が消えていくという摩訶不思議な現象が起こり、やらかしちゃいました。
",,10/11/2023,11,TRUE,0,0,0
104,血だらけでチョコ配達⁉ バレンタインデーの失敗談6つ.txt,"・「学生の頃チョコレートを手作りしようとしていたら、湯煎するために沸かしたお湯で手を火傷してしまいました。それがバレンタインの前日の夜のことで、時間的に病院は開いておらず……。バレンタイン当日は朝から火傷を診てもらいに病院へ。バレンタインどころではなくなってしまいました。」（女性/30代/会社員）

・「学生時代はチョコを手作りして当日渡すために一日中タイミングを見ながらソワソワしていたんですが、結局緊張と気恥ずかしさで渡せずじまいで家に帰って自分で食べた記憶があります。切ない思い出です。」（女性/30代/会社員）

・「本命に渡すように用意したチョコレートだったのですが、急遽本命と会う事が出来なくなり落ち込んでいた時に別の方からデートのお誘いがありました。それほど好きではなかったので断ったのですが、どうしても一度だけでいいからあってほしいとお願いされたため会うことにしました。急だったためチョコレートの用意がなく、本命用のチョコを渡したのですが、ホワイトデーにはお返しにバッグをプレゼントされてしまい……。好意を持っていると勘違いされてしまって大変でした。」（女性/50代/主婦）

・「好きな人にあげるつもりで手作りしてラッピングも手の込んだものにしたのに、その人に直前に恋人が出来た事を知りました。自分で食べるのもなと思ったのでヤケになってどうでもいい人にあげてしまい、そのまま変な雰囲気になりそうになりました。」（女性/30代/医療事務）

・「新卒のとき、職場でバレンタインをするのかわからず、先輩にも怖くて聞けず迷った結果念のため義理チョコを購入。金額は抑えましたが全員分買ったのでそれなりの出費に。渡す空気があったら出そうと準備して出社しましたが、皆に配ったり交換しあう気配はなく、全部持ち帰って自分で食べました。」（女性/20代/会社員）

・「学生の頃、友達用の義理チョコを沢山用意し自転車に乗って1人ずつのお家へ配りにいきましたが、途中で転けてしまいなかなかの大怪我をしました。しかし当日中にチョコを配ってしまいたかったので血だらけのまま友達の家に行き、すごく驚かれました。」（女性/20代/会社員）",,9/6/2023,2,TRUE,0,0,0
107,ＳＮＳへの投稿で「失敗した…」ことってある？2.txt,"ＳＮＳへの投稿で「失敗した…」ことってある？
・嫌いな人のあだなで友達とＴｗｉｔｔｅｒで悪口言っていたら本人にお気に入りされた（高１女子・新潟）
・部活を休んだ日にデートのことを書いてしまった（高３女子・愛知）
・学校休んで遊びに行って写真をうっかり投稿してしまい、親にバレた（高２女子・福岡）

",,27/11/2023,5,TRUE,0,0,0
108,結納・顔合わせ食事会「こんなはずでは！」衝撃失敗談５.txt,"・「婚約指輪がゴールデンウイークを挟んだため納品に時間がかかり、最初に予定していた日に間に合わなくなり、顔合わせの日程をずらすことに。両家とも快くずらしてくれて本当に助かった」（瑠璃さん）

・「しおりを作っていたのに完成が間に合わず、会話に困りました。両家の親が頑張って話してくれたのでどうにか間が持った感じでした。もう少し話すことを考えておけばよかったです」（にゃんこさん）

・「緊張からか両家の親のお酒が進んでしまって、逆に盛り上がりすぎて大変なことに。大切なことを決める話がうまくできず、後日また話し合うことになってしまいました」（MMさん）

・「背伸びして大きな鯛の焼き物を出してもらいました。見栄えは良かったけれど、全員でほじって食べることになり、少し気まずかった」（MMさん）

・「彼の親がお酒が好きだと聞いていたので、わが家から手土産の一つとして日本酒を持って行ったところ、なんと日本酒だけ飲めなかったことが発覚！」（HKさん）

・",,13/2/2023,10,TRUE,0,0,0
109,ＳＮＳへの投稿で「失敗した…」ことってある？1.txt,"ＳＮＳへの投稿で「失敗した…」ことってある？
・ＬＩＮＥのあて先を間違えて、クラスＬＩＮＥに送って、秘密がばれた（高２男子・神奈川）
・誘いを断った友達に別の友達と遊んでることがばれた（高３男子・東京）
・何気ないツイートで人の神経を逆なでしてしまったことが何回かある（高１男子・大阪）

",,28/4/2023,5,TRUE,0,0,0
24,0歳と2歳と過ごす夏休みの「大失敗」３つ.txt,"大失敗１：夫の実家に帰省するのに、子どもの保険証も母子手帳も運転免許証も忘れる

致命的だったのは保険証です。

そして運悪く、夫の実家に到着した当日に2歳長男が40℃を超える熱を出しました。

近所の小児科で血液検査してもらった結果、なんらかの細菌感染とのことで「放置していると悪化する恐れあり」と抗生剤を処方されました。保険証がないので10割負担となり、処方薬の料金と合わせると1万2千円ほどかかりました。思ったより安かったです…。

これは後から申請すれば全額もどってくるのですが、手続きがとっっっても面倒です。居住地外で保険証を忘れて子どもの医療費を10割負担した場合、まず①健康保険組合に還付申請する→8割は返金される、そして②居住地の市区町村に還付申請する→あと2割が返金される、という手順になるそうです。


大失敗２：夏休みの最も混雑する時期に車で帰省し、到着が深夜3時になる

8月9日（金）関東→関西の車旅です。ギリギリ平日だし、まだ高速道路もそんなに混まないのでは？と甘々の想定でおりました。

昼食を済ませて12時半に出発し、渋滞が無ければ休憩をしつつ遅くとも21時には夫の実家に到着している予定でした。

しかし到着したのは翌日の朝3時です。まさかの所要時間15時間弱…。

事故渋滞、上り坂渋滞、また事故渋滞、そして理由はよくわからないけどとにかく渋滞。自宅と夫の実家を車で往復しなれている夫をして「こんなに動かないのは初めて」と言わしめる渋滞の連続。

泣く0歳児、泣く2歳児、泣きながらウンコする0歳児、泣きすぎて吐く2歳児、泣きたいけど泣いてる場合じゃない31歳夫婦。


大失敗３：子連れで無計画な神戸街歩きを決行し、夕飯難民になる

夫の実家がある姫路から、神戸まで日帰りで遊びに行きました。夫とは結婚前にも神戸デートをしたことがあり、思い出の場所がたくさんあります。

午前中は子どもたちのために神戸どうぶつ王国で動物と触れ合いました。そして午後、子どもたちがウトウトと昼寝している隙に、思い出の店で遅いランチをとって、有名なパティスリーでケーキを食べたり、雑貨屋をめぐってちょこちょこ買い物したり。

ああ楽しいなー。

2歳長男はバギーで昼寝。

0歳次男はエルゴで昼寝。

ちょっと子どもたちが重たいことを除けば、まるで結婚前に戻って夫とデートしているような気分です。

 

夕飯をどうするか全く考えないうちに夕方になり、とりあえず大丸神戸店で子どもたちのオムツ替えと0歳次男の授乳を済ませます。

しまった、夕飯どうしよう…。

普段は平日も休日も子どもたちの3食＋おやつのことが常に頭の片隅にあるのですが、この日は「デート気分★」とか言っているうちにすっかり頭がぱっぱらぱーになっていました。

 

そのまま大丸で夕飯を済ませれば良いのに、せっかくだから健民ダイニングに行ってみたい！と思いつき、2歳長男に「とっても美味しい中華料理を食べさせてあげる」などと調子に乗って店にたどりついたところ、「本日はご予約のお客様で満席でして…」と店員さん。

そうだ、今は夏休み期間だった…。店内は親子連れでいっぱいでした。

「とっても美味しい中華」を期待していた2歳長男の「ここでごはんたべたいー！！！」のギャン泣きを押さえながら店をでて、必死で代わりの店を探すもなかなか見つからず。とりあえず移動しながらベビーフードを与えてごまかして、なんとか次の店にたどり着くころにはもうヘトヘトでした。",,29/4/2023,19,TRUE,0,0,0
63,小学校教員の「失敗談」告白集　保護者対応編.txt,"保護者への連絡で「頭が痛い」を「頭が悪い」と言い間違えた

二年生の担任のとき。頭痛がひどくなった子がいたので、保護者のお迎えを頼もうと保護者に電話をかけました。しかし、「ちょっと頭が痛いようなので」と伝えるつもりが緊張のあまり、「頭が悪いので……」と言ってしまい、慌てました。（鹿児島県・女性・53歳）
学級懇談会のお知らせに日程・時間を記載し忘れた

一年生の担任の頃。学期の終わりが近付いてきたので、学級懇談会のお知らせを配付しました。すると、1週間が経った頃「懇談の日程はまだでしょうか」という内容の連絡が！　確認すると、日程も時間も記載してない手紙を配っていたと気付きました。（大阪府・女性・33歳）
学級懇談会のお知らせに日程・時間を記載し忘れた教師
転校の予定を保護者に確認せず、学級通信で知らせてしまった

教師になり８年目、当時は毎日学級通信を出していました。ある日、一人の子供が転校すると話していたので、学級通信で「お別れ会を予定します」とお知らせしたところ、その子の保護者から「（転校の理由）転勤はまだ内示で家族しか知らないことになっている。どうして学級通信に書くのですか」とクレームの電話が……。本人がクラスの中で、おおっぴらに話していたので大丈夫だろうと油断していました。電話で謝罪し、事なきを得ましたが、保護者に喜んでもらったことが多かった学級通信の苦い思い出です。（千葉県・男性・61歳）
激怒する保護者
作品展「入選」の子供に、お便りで「佳作」と伝え、大クレームに

作品展で入賞した子供のために、担当の先生が入賞のお便りをつくってくれました。私は中身を確認せずにそのお便りをその子に渡してしまいました。すると、後日展覧会に行った保護者から怒りの電話がかかってきました。本当は「入選」だったのに、お便りには「佳作」と書かれていたのです。家庭訪問をし、担任の私の確認不足を謝罪。保護者からは「これでうちの子が不登校になったら、どう責任を取るつもりや」と怒られ、校長と二人で頭を下げ続けました。（滋賀県・男性・32歳）
保護者に謝る教師
「早退します」の自己申告に騙され、帰宅させてしまった

二年生のクラスで、ある子供が朝、「今日は病院に行くので早退します」と言ってきました。私はその言葉を信じ、５校時途中で子供を早退させました。
ところが、別件でその子のお宅に電話をかけたところ、病院には行っていないということが発覚。まんまと騙されてしまったのです。それからは、子供が「早退する」と言ってきても連絡帳に書いてあったり、保護者に電話で確認したりできない限りは早退させないようにしています。（宮城県・男性・30歳）
",,6/3/2023,6,TRUE,0,0,0
69,子どもが２歳になった今だから笑って話せる産後の失敗談.txt,"こんにちは！保育士ごんちゃんです。
現在、保育士として地域の公民館や療育教室で親子遊び講座をしたり、地域の保健師さんと一緒に子育て講座にまわったりするような働き方をしながら、子育てに関する情報発信をしています。
今回は、出産から２年以上経った今だからこそ笑って話せる、産後の失敗談を紹介します。
うつ病治療中で必死だった妊娠中〜産後
私は妊娠前から人生で２回目のうつ病になっていたので、２年前、娘が生まれたころはまだ通院しながらうつ病を治療していました。
そもそも妊娠中から産後の期間というのは、ホルモンバランスも崩れるので、誰でもメンタルが不安定になりやすい時期です。
私の場合はそれにうつ病が重なっていたので、産後すぐは本当に不安定なメンタルだったなぁと、振り返るとそんなふうに思います。
２年間育児をしてきて日々いろんなことがあった中で、楽しかったことや嬉しかったこともあれば悲しかったことや失敗したこともあります。
そんな数ある失敗談の中でも、産後に強く印象に残っている失敗談です。
がんばりすぎてしまった産後の母乳育児
私は妊娠中から、産後無理しないでいこう、ひとりでがんばりすぎるのはやめようと、決めてはいたんですが、それでもやっぱり今と比べるとまだがんばりすぎていたかも…と感じています。
それが母乳育児へのこだわりにも現れていたな〜と、今となっては思います。
母乳育児については、まず妊娠中に意識し始めました。産後自分が母乳がどんな風に出るかなんて分からないですが、母親学級の影響などもあり「とりあえず母乳育児をやってみよう」と妊娠中から思っていました。
私の周りの友人や、母や妹なども、初めから完全母乳だったという人が多くて、「私もそんな風になるんだろうな〜」くらいに軽くしか考えていなかったのです。

そして実際出産して授乳するとなった時、出産した産婦人科では初めから母乳の後には必ずミルクという方針で、初めから私の完全母乳のイメージとは違う形で進んでいきました。
だから私は退院したあと、頻回授乳したら徐々に母乳が出るんだろうと思って、退院後からミルクをやめて娘がぐずったら母乳という感じで進めていきました。
（ちなみに退院したころは、胸の張りがピークに痛い頃で、本当に辛かったです…泣）
私の中では、陣痛の次に痛い痛みだと思うくらいに、かつて経験したことのないズキズキビキビキした痛みが胸にありました。
しかも私は副乳という、哺乳類の名残の第二の胸のようなものが脇あたりにあり、それもとても痛かったんです。
でもそんな中で、頻回授乳をして、昼も夜も寝不足で、という状態でかなり無理してしまいました。
なのに「今がんばれば母乳が出るはず」と思って、ミルクを足さなかったんですね。
それで、退院後１週間くらいしたらまた産婦人科で赤ちゃんの状態とおかあさんの状態を見る健診がありました。
その時に赤ちゃんの体重を測ったら、少し減ってしまっていたんです。ベビースケールをまだ買っていなくて、毎日母乳量とか体重を測っていたわけではなかったんですよね。
だから検診にいったときにはじめて減っていることを知りました。
視野が狭くなってしまっていた産後
今冷静になって思うと「なんでそんなことをしたんだろう」って思えるんですが、その時はなぜかその方法がいいと思ってしまっていたんですよね。
あとは「これだけがんばっているんだから…きっと出るはず」みたいな気持ちもあったのかもしれません。
それからは母乳をあげたあとにちゃんと必要な量のミルクを足すようにして、娘の体重も順調に増えていきました。
それでまた生後2ヶ月くらいになってから、自分も少し育児の勝手がわかってきて、身体の状態も落ち着いてきて、娘の体重も順調に増えて…という状況になった時に、改めて頻回授乳に挑戦して、ミルクの回数や量が減って、最終的には完全母乳になったんですね。
その頃の自分は、里帰りで実家に頼ったり、夫にも自分と同じくらい育児をしてもらったりして、一人でがんばっているつもりはありませんでした。
でも今振り返ってみたら「めっちゃ無理してるやん！」って感じですし、こうじゃないといけないという思いが強かったと思うんですよね。
考え方も今ほど柔軟じゃなかったような気がします。うつ病治療中でしたし、気分も上がったり下がったりと不安定でした。
失敗から得た教訓
今この失敗談を振り返って思うのは、母乳にこだわる必要は全くなかったということですね。
実際ミルクとの混合にしてみて、やってみて初めて分かったよかった点もありました。
例えば、完全母乳だと夫はなかなか授乳する機会がないけど、それが一緒にできたり、最終的に母乳よりの混合になった時は、ミルクの大変なところはほとんど感じなかったり、いいとこ取りのような気もしてました。
母乳でもミルクでもちゃんと赤ちゃんは育つし、愛情に変わりもない。
その時のお母さんが無理せずにできる形を選ぶのが一番良かったんだという、私の教訓になりました。
こんな失敗もあったけど、そこからいろんなことを学んで改善していって、それが今の「無理しない育児」のマインドにも繋がっていますし、これからも無理しないで育児を楽しんでいきたいなと思います。
",,30/9/2023,19,TRUE,0,0,0
75,共働き家庭の子育ての失敗談。対処法や仕事と家庭の両立のために利用したサービス 2.txt,"
自分が原因で失敗したとき、子どもにきちんと謝ることを心がけている方もいるようです。失敗の原因が子どもにある場合は、子どもの気持ちを代弁する他に、「大丈夫だよ」と安心してもらいたい気持ちを伝えているというパパの声もありました。

共働き家庭が活用しているサービス
仕事と家庭の両立のために、働くママやパパたちが活用しているサービスについて聞いてみました。
ベビーシッターサービス
「両親が共働きをしていても、子どもが自分でやりたいと言った習い事にチャレンジしてほしいと思いました。ベビーシッターサービスを利用し、習い事の会場までの送迎と、終了後のシッティングを依頼しています」（30代/8歳児と10歳児のママ）

子育てのサポートが必要なシーンでは、ベビーシッターサービスに依頼することもよさそうです。残業で延長保育や学童保育の終了時間以降も子どもを預かってほしい場合は、ベビーシッターサービスを活用するのもよいかもしれません。
家事代行サービス
「仕事と子育ては自分が主体で行いたいので、ときどき家事のサポートをしてもらっています。家事代行サービスに料理や掃除を依頼すると、自分の時間も作りやすくて生活にゆとりができます」（40代/6歳児のパパ）

家事代行サービスを活用し、料理や掃除などをサポートしてもらっている家庭もありました。毎日のタスクが少なくなると、気持ちに余裕が生まれてやさしい気持ちで子育てがしやすいというママの声もありました。
宅配サービス
「日用品やストック用の食品は、買い忘れがないように宅配サービスの定期便に申し込みました。仕事の後に子どもといっしょに買い物をするときにお米やお水、洗剤などをまとめ買いすることは大変なので助かっています」（20代/1歳児と3歳児のママ）

買い物は宅配サービスを活用すると、時間を有効活用しやすいかもしれません。ママのなかからは、子どもの洋服や園グッズもインターネットやカタログから注文し、自宅に宅配してもらえると、買い物にかける予定だった時間を子どもと過ごす時間に活用しやすいという声も聞かれました。

子育ての失敗は経験と捉えて前向きに考えよう
共働き家庭では、子育てにまつわる失敗の理由が、自分のしつけの仕方や子どもとのかかわり方にあるのではないかと考えることがあるようです。

子育てで失敗したと感じたときの対処法として、考え方を見直したり自分の気持ちを伝えたりしているママやパパもいました。仕事と家庭の両立のために、家事や育児のサポートサービスも活用しながら、失敗を経験のひとつだと受け入れて前向きに子育てができるとよいですね。

子育てのサポートが必要な共働き家庭にも「キズナシッター」
共働きをしているママやパパのなかには、「誰かに子どもを預かってほしい」「子どもが1人で留守番をすることを不安がっている」といった悩みがある方もいるようです。子育てのサポートをが必要だと感じたときは、「キズナシッター」を活用してみてはいかがでしょうか。

キズナシッターは、保育士や幼稚園教諭、看護師いずれかの資格をもつ方のみが登録できるベビーシッターのマッチングサービスです。0歳の赤ちゃんから12歳の子どもまでを、同時に3人までシッティングできるため、兄弟のいる家庭からも利用しやすいと好評を得ています。

1年中休みがないことや、利用時間は5:00から23:45までと幅が広いため、さまざまな仕事をしているママやパパに対応しやすいといえるでしょう。残業や出張など、いざというときの子どもの預け先として、キズナシッターの利用を検討してみてはいかがでしょうか。
",,16/9/2023,19,TRUE,0,0,0
76,共働き家庭の子育ての失敗談。対処法や仕事と家庭の両立のために利用したサービス 1.txt,"子育て中の共働き家庭では、どのようなときに「失敗してしまった」と感じるのでしょうか。今回は、共働き家庭の子育てにまつわる失敗談や、失敗したと感じたときの対処法、家庭の両立のために活用しているサービスについて、働くママやパパたちの体験談を交えてご紹介します。
共働き家庭の子育てにまつわる失敗談
夫婦で共働きをしている家庭に、子育てにまつわる失敗談を聞いてみました。
?しつけ
「うちの子は反抗期の素振りがなく、教科書通りのよい子なところが気になります。私や夫が仕事に忙しいため、子どもに気を遣わせてしまったのではないかと心配です」（30代/9歳児のママ）
?
しつけの面で、もっと子どもらしさを尊重してあげたかったと感じるママがいるようです。他には、幼少期に失敗をあまり経験させなかったため、何でも思い通りにいくと考えているのか、自分のイメージ通りに物事が進まないと癇癪を起こすので困っているというパパの声もありました。
?関わる割合
「両親が共働きをしていることで寂しい思いをさせたくないと考え、仕事以外の時間は極力息子と過ごしてきました。息子の同級生の親子のやり取りを見たときに、我が家は過干渉過ぎるかもしれないと感じました」（40代/5歳児と7歳児のパパ）
?
子どもに関わる割合に失敗を感じているパパもいました。ママのなかには、仕事や家事で忙しくしていたため、放任気味だったことを失敗と捉えている方もいるようです。
?持ち物
「今思うと、おもちゃなど子どもがほしいと言ったものを買ってあげ過ぎたのではないかと思います。お金の大切さや手に入れる大変さと喜びについて考える前に、すぐに買ってしまったのはよくないと感じました」（20代/2歳児のママ）
?
子どもに物を買い与えるタイミングや量について失敗だったと感じているママもいるようです。誕生日やクリスマスなど特別ではない日にも、ゲームや洋服などをプレゼントしたことは失敗だったかもしれないというパパの声もありました。
?
子育てで失敗したと感じたときの対処法
働くママやパパたちが、子育てで失敗したときにどのような対応をしたのかご紹介します。
?考え方を見直す
「子どもがルールを守らないとき、子どもを責めるのではなく自分と向き合うように意識しています。自分がしていたしつけが合っていなかったことが原因ではないかと考えを見直すと、落ち着いて子どもと話をしやすいです」（40代/10歳児のママ）
?
自分の考え方を見直すよう心がけているママがいるようです。子育ての失敗に気持ちを荒立てたり、相手に変わってほしいと伝えたりするのではなく、自分自身を見直す習慣をつけることも大切かもしれません。
?子どもを見守る
「手を差し伸べたくなるシーンでも、危険なこと以外は見守るように気持ちを切り替えました。子どもといっしょに失敗もしながら経験を重ねていきたいです」（20代/3歳児のパパ）
?
子育ては、ときに親子で失敗を受け入れる経験も必要なのではないでしょうか。失敗を恐れて手を貸し、言葉をかけるだけでは体験できないこともあると受け入れて、子どもを見守っているというママの声もありました。
?気持ちを伝える
「自分の考え方や伝え方によって失敗したときは、子どもに謝ることにしています。子どもと同じ目線になって、目を見て『ごめんね、ママが◯◯だったから失敗しちゃったの』と気持ちを伝えることが大切だと考えています」（30代/5歳児のママ）

",,20/6/2023,19,TRUE,0,0,0
103,確認しておこう　ふるさと納税よくある間違いとは.txt,"ふるさと納税の申し込み期限まで、あど１ヶ月ちょっとになりましたね。
今回は、ふるさと納税をする際に気を付けたいポイントをまとめました。まだこれからふるさと納税をする方も、参考にしていただければと思います。

失敗談：寄付控除の手続きを忘れていた。
忘れてしまっては控除を受けることができないので、余裕を持ったお手続きを
ワンストップ特例制度：申込書と必要書類を寄付先へ２０２４年１月10日必着。
確定申告：確定申告の申請期限は、2024年2月16日〜3月15日です。
寄付金控除は、いずれかの手続きを行いましょう。
失敗談：ワンストップ特例を利用したいのに年間で6つの自治体に申し込みをした。
申し込みをした6自治体の全てを確定申告しましょう。
ちなみに、「ワンストップ特例」とは ふるさと納税をした後に確定申告を しなくても寄付金控除が受けられる仕組みをいいます。5自治体までなら利用できますよ。
失敗談：ふるさと納税の上限額を超えてしまった。
超過してしまった分は 還付・控除されないので、 事前にシュミレーションをしておきましょう。
失敗談：寄付金受領証明書を失くしてしまいました。
再発行については自治体によって対応が異なります。 寄付先の自治体へ、直接お問い合わせください。
失敗談：返礼品が届いたのはいいけど保存場所を考えてなかった。
これ、意外とあるあるです！ 定期便での利用をしたり、 あらかじめスペースを確保しておきましょう。
せっかくの返礼品なので、無理なく無駄なく 使いたいですよね。トイレットペーパーと いった、かさばる物の場合は収納する場所をイメージしておきたいです。
",,27/4/2023,13,TRUE,0,0,0
