url_id,url,category,user_id,post_id
url4,/posts/post_id/4,post,0,4
url35,/posts/post_id/35,post,0,35
url37,/posts/post_id/37,post,0,37
url43,/posts/post_id/43,post,0,43
url45,/posts/post_id/45,post,0,45
url49,/posts/post_id/49,post,0,49
url19,/posts/post_id/19,post,0,19
url32,/posts/post_id/32,post,0,32
url38,/posts/post_id/38,post,0,38
url41,/posts/post_id/41,post,0,41
url48,/posts/post_id/48,post,0,48
url64,/posts/post_id/64,post,0,64
url66,/posts/post_id/66,post,0,66
url72,/posts/post_id/72,post,0,72
url73,/posts/post_id/73,post,0,73
url74,/posts/post_id/74,post,0,74
url77,/posts/post_id/77,post,0,77
url78,/posts/post_id/78,post,0,78
url84,/posts/post_id/84,post,0,84
url87,/posts/post_id/87,post,0,87
url5,/posts/post_id/5,post,0,5
url7,/posts/post_id/7,post,0,7
url62,/posts/post_id/62,post,0,62
url71,/posts/post_id/71,post,0,71
url102,/posts/post_id/102,post,0,102
url2,/posts/post_id/2,post,0,2
url27,/posts/post_id/27,post,0,27
url25,/posts/post_id/25,post,0,25
url46,/posts/post_id/46,post,0,46
url56,/posts/post_id/56,post,0,56
url58,/posts/post_id/58,post,0,58
url70,/posts/post_id/70,post,0,70
url79,/posts/post_id/79,post,0,79
url94,/posts/post_id/94,post,0,94
url97,/posts/post_id/97,post,0,97
url105,/posts/post_id/105,post,0,105
url1,/posts/post_id/1,post,0,1
url12,/posts/post_id/12,post,0,12
url13,/posts/post_id/13,post,0,13
url14,/posts/post_id/14,post,0,14
url17,/posts/post_id/17,post,0,17
url50,/posts/post_id/50,post,0,50
url51,/posts/post_id/51,post,0,51
url54,/posts/post_id/54,post,0,54
url59,/posts/post_id/59,post,0,59
url60,/posts/post_id/60,post,0,60
url15,/posts/post_id/15,post,0,15
url52,/posts/post_id/52,post,0,52
url53,/posts/post_id/53,post,0,53
url55,/posts/post_id/55,post,0,55
url57,/posts/post_id/57,post,0,57
url61,/posts/post_id/61,post,0,61
url34,/posts/post_id/34,post,0,34
url39,/posts/post_id/39,post,0,39
url40,/posts/post_id/40,post,0,40
url42,/posts/post_id/42,post,0,42
url47,/posts/post_id/47,post,0,47
url31,/posts/post_id/31,post,0,31
url36,/posts/post_id/36,post,0,36
url67,/posts/post_id/67,post,0,67
url68,/posts/post_id/68,post,0,68
url80,/posts/post_id/80,post,0,80
url85,/posts/post_id/85,post,0,85
url88,/posts/post_id/88,post,0,88
url96,/posts/post_id/96,post,0,96
url106,/posts/post_id/106,post,0,106
url33,/posts/post_id/33,post,0,33
url81,/posts/post_id/81,post,0,81
url86,/posts/post_id/86,post,0,86
url90,/posts/post_id/90,post,0,90
url91,/posts/post_id/91,post,0,91
url92,/posts/post_id/92,post,0,92
url93,/posts/post_id/93,post,0,93
url95,/posts/post_id/95,post,0,95
url98,/posts/post_id/98,post,0,98
url110,/posts/post_id/110,post,0,110
url3,/posts/post_id/3,post,0,3
url6,/posts/post_id/6,post,0,6
url8,/posts/post_id/8,post,0,8
url9,/posts/post_id/9,post,0,9
url10,/posts/post_id/10,post,0,10
url11,/posts/post_id/11,post,0,11
url16,/posts/post_id/16,post,0,16
url18,/posts/post_id/18,post,0,18
url20,/posts/post_id/20,post,0,20
url21,/posts/post_id/21,post,0,21
url22,/posts/post_id/22,post,0,22
url23,/posts/post_id/23,post,0,23
url26,/posts/post_id/26,post,0,26
url28,/posts/post_id/28,post,0,28
url29,/posts/post_id/29,post,0,29
url30,/posts/post_id/30,post,0,30
url44,/posts/post_id/44,post,0,44
url65,/posts/post_id/65,post,0,65
url82,/posts/post_id/82,post,0,82
url83,/posts/post_id/83,post,0,83
url89,/posts/post_id/89,post,0,89
url99,/posts/post_id/99,post,0,99
url100,/posts/post_id/100,post,0,100
url101,/posts/post_id/101,post,0,101
url104,/posts/post_id/104,post,0,104
url107,/posts/post_id/107,post,0,107
url108,/posts/post_id/108,post,0,108
url109,/posts/post_id/109,post,0,109
url24,/posts/post_id/24,post,0,24
url63,/posts/post_id/63,post,0,63
url69,/posts/post_id/69,post,0,69
url75,/posts/post_id/75,post,0,75
url76,/posts/post_id/76,post,0,76
url103,/posts/post_id/103,post,0,103
