category,name,link
地震,臨時地震,https://mao.5ch.net/eq/
地震,臨時地震+,https://sora.5ch.net/eqplus/
地震,緊急自然災害,https://rio2016.5ch.net/lifeline/
おすすめ,バスケット,https://medaka.5ch.net/basket/
おすすめ,国内サッカー,https://kizuna.5ch.net/soccer/
おすすめ,海外サッカー,https://kizuna.5ch.net/football/
おすすめ,野球総合,https://lavender.5ch.net/mlb/
おすすめ,プロ野球,https://rio2016.5ch.net/base/
おすすめ,野球ch,https://tanuki.5ch.net/livebase/
おすすめ,ちいかわ,https://kes.5ch.net/chiikawa/
be,なんでも質問,https://kizuna.5ch.net/nandemo/
be,朝生,https://kizuna.5ch.net/argue/
案内,ラウンジ,https://kizuna.5ch.net/entrance/
案内,ﾗｳﾝｼﾞｸﾗｼｯｸ,https://rio2016.5ch.net/entrance2/
案内,初心者の質問,https://kizuna.5ch.net/qa/
案内,PC初心者,https://medaka.5ch.net/pcqa/
案内,5chプロジェクト,https://info.5ch.net/wiki/
案内,すすコイン,https://krsw.5ch.net/susucoin/
案内,グッズリスト,https://kizuna.5ch.net/goods/
案内,ガイドライン,https://egg.5ch.net/gline/
案内,イベント企画,https://kizuna.5ch.net/event/
案内,証券取引所,https://rio2016.5ch.net/2chse/
案内,いろいろランク,https://info.5ch.net/rank/
案内,資料室,https://kizuna.5ch.net/dataroom/
案内,投票所,https://medaka.5ch.net/vote/
運営,運用情報,https://agree.5ch.net/operate/
運営,運用情報臨時,https://kes.5ch.net/operatex/
運営,規制情報,https://agree.5ch.net/sec2ch/
運営,規制議論,https://agree.5ch.net/sec2chd/
運営,削除要請,https://ace.5ch.net/saku2ch/
運営,削除整理,https://ace.5ch.net/saku/
運営,削除議論,https://agree.5ch.net/sakud/
運営,削除知恵袋,https://agree.5ch.net/sakukb/
馴れ合い,自己紹介,https://mevius.5ch.net/intro/
馴れ合い,ほのぼの,https://medaka.5ch.net/honobono/
馴れ合い,夢・独り言,https://medaka.5ch.net/yume/
馴れ合い,大規模OFF,https://medaka.5ch.net/offmatrix/
馴れ合い,定期OFF,https://mao.5ch.net/offreg/
馴れ合い,突発OFF,https://mevius.5ch.net/offevent/
社会,COVID-19,https://krsw.5ch.net/covid19/
社会,マスコミ,https://egg.5ch.net/mass/
社会,少年犯罪,https://egg.5ch.net/youth/
社会,自然災害,https://rio2016.5ch.net/disaster/
社会,消防救急防災,https://egg.5ch.net/119/
社会,男性論女性論,https://mevius.5ch.net/gender/
社会,議員・選挙,https://lavender.5ch.net/giin/
社会,政治家語録,https://kizuna.5ch.net/manifesto/
社会,警察,https://rio2016.5ch.net/police/
社会,裁判・司法,https://egg.5ch.net/court/
社会,裁判員制度,https://mao.5ch.net/saibanin/
社会,社会・世評,https://rio2016.5ch.net/soc/
社会,環境・電力,https://egg.5ch.net/atom/
社会,エネルギー,https://rio2016.5ch.net/energy/
社会,河川・ダム等,https://egg.5ch.net/river/
社会,運輸・交通,https://rio2016.5ch.net/traf/
社会,道路・高速道路,https://mao.5ch.net/way/
社会,都市計画,https://egg.5ch.net/develop/
社会,就職,https://rio2016.5ch.net/recruit/
社会,転職,https://medaka.5ch.net/job/
社会,ボランティア,https://rio2016.5ch.net/volunteer/
社会,介護・福祉,https://egg.5ch.net/welfare/
社会,地方自治知事,https://rio2016.5ch.net/mayor/
社会,ふるさと納税,https://mao.5ch.net/ftax/
社会,自衛隊,https://rio2016.5ch.net/jsdf/
社会,郵便・郵政,https://mevius.5ch.net/nenga/
社会,生涯学習,https://mao.5ch.net/lifework/
社会,通信行政,https://egg.5ch.net/regulate/
会社・職業,外為,https://krsw.5ch.net/forex/
会社・職業,ベンチャー,https://rio2016.5ch.net/venture/
会社・職業,経営学,https://mevius.5ch.net/manage/
会社・職業,店舗運営,https://mao.5ch.net/management/
会社・職業,賃貸不動産,https://mao.5ch.net/estate/
会社・職業,公務員,https://rio2016.5ch.net/koumu/
会社・職業,法律勉強相談,https://mao.5ch.net/shikaku/
会社・職業,資格全般,https://kizuna.5ch.net/lic/
会社・職業,派遣業界,https://mao.5ch.net/haken/
会社・職業,保険業界,https://egg.5ch.net/hoken/
会社・職業,税金経理会計,https://mevius.5ch.net/tax/
会社・職業,会計全般試験,https://medaka.5ch.net/exam/
会社・職業,病院・医者,https://egg.5ch.net/hosp/
会社・職業,医療業界,https://egg.5ch.net/bio/
会社・職業,光通信,https://egg.5ch.net/hikari/
会社・職業,DTP・印刷,https://mao.5ch.net/dtp/
会社・職業,アルバイト,https://medaka.5ch.net/part/
会社・職業,広告業界,https://egg.5ch.net/koukoku/
会社・職業,農林水産業,https://egg.5ch.net/agri/
会社・職業,建設住宅業界,https://mao.5ch.net/build/
会社・職業,製造業界,https://mao.5ch.net/industry/
会社・職業,食品業界・問題,https://kizuna.5ch.net/peko/
裏社会,ちくり裏事情,https://lavender.5ch.net/company/
裏社会,防犯・詐欺対策,https://rio2016.5ch.net/bouhan/
裏社会,架空請求・spam,https://mevius.5ch.net/antispam/
裏社会,違反の潰し方,https://egg.5ch.net/ihan/
地域,北海道,https://pug.5ch.net/hokkaido/
地域,東北,https://pug.5ch.net/tohoku/
地域,北陸・甲信越,https://pug.5ch.net/kousinetu/
地域,関東,https://pug.5ch.net/kanto/
地域,東京,https://pug.5ch.net/tokyo/
地域,多摩,https://pug.5ch.net/tama/
地域,神奈川,https://pug.5ch.net/kana/
地域,東海,https://pug.5ch.net/tokai/
地域,近畿,https://pug.5ch.net/kinki/
地域,大阪,https://pug.5ch.net/osaka/
地域,中国,https://pug.5ch.net/chugoku/
地域,四国,https://pug.5ch.net/sikoku/
地域,九州,https://pug.5ch.net/kyusyu/
地域,沖縄,https://pug.5ch.net/okinawa/
学問・理系,理系全般,https://rio2016.5ch.net/rikei/
学問・理系,物理,https://rio2016.5ch.net/sci/
学問・理系,生物,https://rio2016.5ch.net/life/
学問・理系,化学,https://kizuna.5ch.net/bake/
学問・理系,機械・工学,https://kizuna.5ch.net/kikai/
学問・理系,電気・電子,https://rio2016.5ch.net/denki/
学問・理系,ロボット技術,https://rio2016.5ch.net/robot/
学問・理系,情報システム,https://kizuna.5ch.net/infosys/
学問・理系,情報学,https://rio2016.5ch.net/informatics/
学問・理系,シミュレート,https://kizuna.5ch.net/sim/
学問・理系,農学,https://kizuna.5ch.net/nougaku/
学問・理系,天文・気象,https://kizuna.5ch.net/sky/
学問・理系,宇宙,https://rio2016.5ch.net/galileo/
学問・理系,医歯薬看護,https://mao.5ch.net/doctor/
学問・理系,東洋医学,https://rio2016.5ch.net/kampo/
学問・理系,数学,https://rio2016.5ch.net/math/
学問・理系,土木・建築,https://kizuna.5ch.net/doboku/
学問・理系,材料物性,https://kizuna.5ch.net/material/
学問・理系,航空・船舶,https://mevius.5ch.net/space/
学問・理系,未来技術,https://rio2016.5ch.net/future/
学問・理系,野生動物,https://rio2016.5ch.net/wild/
学問・理系,植物,https://fate.5ch.net/plants/
学問・理系,日本の淡水魚・金魚,https://kizuna.5ch.net/goldenfish/
学問・理系,昆虫・節足動物,https://kizuna.5ch.net/insect/
学問・理系,地球科学,https://rio2016.5ch.net/earth/
学問・文系,心理学,https://lavender.5ch.net/psycho/
学問・文系,言語学,https://lavender.5ch.net/gengo/
学問・文系,方言,https://egg.5ch.net/dialect/
学問・文系,教育学,https://lavender.5ch.net/pedagogy/
学問・文系,社会学,https://lavender.5ch.net/sociology/
学問・文系,経済学,https://lavender.5ch.net/economics/
学問・文系,文学,https://mevius.5ch.net/book/
学問・文系,詩文学,https://mevius.5ch.net/poetics/
学問・文系,日本史,https://lavender.5ch.net/history/
学問・文系,日本近代史,https://lavender.5ch.net/history2/
学問・文系,世界史,https://lavender.5ch.net/whis/
学問・文系,考古学,https://lavender.5ch.net/archeology/
学問・文系,民俗・神話学,https://lavender.5ch.net/min/
学問・文系,古文・漢文,https://lavender.5ch.net/kobun/
学問・文系,ENGLISH,https://lavender.5ch.net/english/
学問・文系,アメリカ,https://lavender.5ch.net/usa/
学問・文系,ハングル,https://lavender.5ch.net/korea/
学問・文系,中国,https://lavender.5ch.net/china/
学問・文系,台湾,https://lavender.5ch.net/taiwan/
学問・文系,ミャンマー,https://mevius.5ch.net/myanmar/
学問・文系,ヤンゴン,https://mevius.5ch.net/yangon/
学問・文系,地理・人類学,https://lavender.5ch.net/geo/
学問・文系,地理お国自慢,https://kizuna.5ch.net/chiri/
学問・文系,外国語,https://lavender.5ch.net/gogaku/
学問・文系,芸術デザイン,https://lavender.5ch.net/art/
学問・文系,哲学,https://lavender.5ch.net/philo/
学問・文系,法学,https://lavender.5ch.net/jurisp/
学問・文系,司法試験,https://medaka.5ch.net/shihou/
家電製品,家電製品,https://lavender.5ch.net/kaden/
家電製品,ポータブルAV,https://kizuna.5ch.net/wm/
家電製品,ビデオカメラ,https://kizuna.5ch.net/vcamera/
家電製品,調理家電,https://kizuna.5ch.net/bakery/
家電製品,シャワートイレ,https://rio2016.5ch.net/toilet/
家電製品,ソニー,https://lavender.5ch.net/sony/
家電製品,Apple,https://mao.5ch.net/apple2/
家電製品,携帯・ＰＨＳ,https://lavender.5ch.net/phs/
家電製品,携帯機種,https://lavender.5ch.net/keitai/
家電製品,スマホサロン,https://krsw.5ch.net/spsaloon/
家電製品,スマートフォン,https://egg.5ch.net/smartphone/
家電製品,iOS,https://fate.5ch.net/ios/
家電製品,iOSゲーム,https://kizuna.5ch.net/iPhone/
家電製品,Android,https://egg.5ch.net/android/
家電製品,携帯コンテンツ,https://lavender.5ch.net/chakumelo/
家電製品,携帯電話ゲー,https://hayabusa9.5ch.net/appli/
家電製品,スマホアプリ,https://egg.5ch.net/applism/
家電製品,デジタルモノ,https://lavender.5ch.net/dgoods/
家電製品,カメラ,https://lavender.5ch.net/camera/
家電製品,デジカメ,https://mevius.5ch.net/dcamera/
家電製品,AV機器,https://mevius.5ch.net/av/
家電製品,ピュアAU,https://lavender.5ch.net/pav/
家電製品,電池等,https://rio2016.5ch.net/battery/
政治経済,政治,https://mevius.5ch.net/seiji/
政治経済,外交政策,https://egg.5ch.net/diplomacy/
政治経済,交通政策,https://egg.5ch.net/trafficpolicy/
政治経済,経済,https://medaka.5ch.net/eco/
政治経済,株式,https://egg.5ch.net/stock/
政治経済,株個別銘柄,https://mao.5ch.net/stockb/
政治経済,投資一般,https://medaka.5ch.net/market/
政治経済,市況1,https://hayabusa9.5ch.net/livemarket1/
政治経済,市況2,https://hayabusa9.5ch.net/livemarket2/
政治経済,先物,https://mao.5ch.net/deal/
政治経済,創価・公明,https://egg.5ch.net/koumei/
政治経済,共産党,https://mevius.5ch.net/kyousan/
政治経済,政治思想,https://egg.5ch.net/sisou/
政治経済,ゴーマニズム,https://egg.5ch.net/kova/
政治経済,金融,https://mao.5ch.net/money/
食文化,食べ物,https://kizuna.5ch.net/food/
食文化,お菓子,https://kizuna.5ch.net/candy/
食文化,ソフトドリンク,https://kizuna.5ch.net/juice/
食文化,お茶・珈琲,https://kizuna.5ch.net/pot/
食文化,料理,https://kizuna.5ch.net/cook/
食文化,米・米加工品,https://egg.5ch.net/okome/
食文化,野菜・果物,https://mao.5ch.net/yasai/
食文化,きのこ,https://rio2016.5ch.net/kinoko/
食文化,たけのこ,https://krsw.5ch.net/takenoko/
食文化,調味料,https://kizuna.5ch.net/salt/
食文化,ラーメン,https://mevius.5ch.net/ramen/
食文化,インスタント麺,https://kizuna.5ch.net/nissin/
食文化,そば・うどん,https://kizuna.5ch.net/jnoodle/
食文化,おすし,https://kizuna.5ch.net/sushi/
食文化,丼,https://kizuna.5ch.net/don/
食文化,カレー,https://kizuna.5ch.net/curry/
食文化,パン,https://kizuna.5ch.net/bread/
食文化,パスタ・ピザ,https://kizuna.5ch.net/pasta/
食文化,焼肉,https://kizuna.5ch.net/kbbq/
食文化,たこ焼き等,https://kizuna.5ch.net/konamono/
食文化,珍味,https://kizuna.5ch.net/toba/
食文化,グルメ外食,https://kizuna.5ch.net/gurume/
食文化,ファミレス,https://kizuna.5ch.net/famires/
食文化,Ｂ級グルメ,https://kizuna.5ch.net/jfoods/
食文化,弁当・駅弁,https://kizuna.5ch.net/bento/
食文化,お酒・Bar,https://mevius.5ch.net/sake/
食文化,ワイン,https://kizuna.5ch.net/wine/
食文化,ビール,https://mao.5ch.net/beer/
食文化,居酒屋,https://kizuna.5ch.net/drunk/
食文化,レシピ,https://kizuna.5ch.net/recipe/
食文化,製菓・製パン,https://kizuna.5ch.net/patissier/
食文化,健康食・サプリ,https://kizuna.5ch.net/supplement/
食文化,ベジタリアン,https://fate.5ch.net/vegetarian/
生活,生活サロン,https://rio2016.5ch.net/lifesaloon/
生活,生活全般,https://medaka.5ch.net/kankon/
生活,その日暮らし,https://rio2016.5ch.net/okiraku/
生活,一人暮らし,https://rio2016.5ch.net/homealone/
生活,田舎暮らし,https://rio2016.5ch.net/countrylife/
生活,借金生活,https://egg.5ch.net/debt/
生活,入院生活,https://rio2016.5ch.net/inpatient/
生活,テレワーク,https://mevius.5ch.net/telework/
生活,スポーツクラブ,https://rio2016.5ch.net/sportsclub/
生活,お風呂・銭湯,https://lavender.5ch.net/bath/
生活,元号,https://greta.5ch.net/era/
生活,記念日,https://rio2016.5ch.net/anniversary/
生活,冠婚葬祭,https://rio2016.5ch.net/sousai/
生活,育児,https://mevius.5ch.net/baby/
生活,家具,https://rio2016.5ch.net/kagu/
生活,DIY,https://pug.5ch.net/diy/
生活,日記,https://pug.5ch.net/diary/
生活,通販・買い物,https://medaka.5ch.net/shop/
生活,家電等量販店,https://egg.5ch.net/hcenter/
生活,中古リサイクル,https://mao.5ch.net/used/
生活,レンタル,https://egg.5ch.net/rental/
生活,流行,https://rio2016.5ch.net/trend/
生活,Walker+,https://egg.5ch.net/ticketplus/
生活,モデル,https://rio2016.5ch.net/model/
生活,ファッション,https://mevius.5ch.net/fashion/
生活,下着,https://mao.5ch.net/underwear/
生活,靴,https://rio2016.5ch.net/shoes/
生活,化粧,https://rio2016.5ch.net/female/
生活,美容,https://medaka.5ch.net/diet/
生活,男の美容・化粧,https://lavender.5ch.net/mensbeauty/
生活,香水芳香消臭,https://egg.5ch.net/aroma/
生活,美容整形,https://rio2016.5ch.net/seikei/
生活,ダイエット,https://rio2016.5ch.net/shapeup/
生活,一般海外生活,https://rio2016.5ch.net/world/
生活,北米海外生活,https://rio2016.5ch.net/northa/
生活,クレジット,https://rio2016.5ch.net/credit/
生活,ポイント・マイル,https://lavender.5ch.net/point/
生活,３０代,https://kizuna.5ch.net/cafe30/
生活,４０代,https://mevius.5ch.net/cafe40/
生活,５０代以上,https://kizuna.5ch.net/cafe50/
生活,６０歳以上,https://egg.5ch.net/cafe60/
生活,家庭,https://lavender.5ch.net/live/
生活,掃除全般,https://rio2016.5ch.net/souji/
生活,害虫害獣対策,https://rio2016.5ch.net/goki/
生活,放射能,https://rio2016.5ch.net/radiation/
生活,ドケチ,https://mao.5ch.net/kechi2/
生活,懸賞,https://rio2016.5ch.net/chance/
生活,たばこ,https://rio2016.5ch.net/cigaret/
生活,めがね,https://rio2016.5ch.net/megane/
生活,マイライン,https://rio2016.5ch.net/yuusen/
生活,コンビニ,https://rio2016.5ch.net/conv/
生活,バーゲン,https://rio2016.5ch.net/sale/
生活,文房具,https://lavender.5ch.net/stationery/
生活,習い事,https://rio2016.5ch.net/class/
ネタ雑談,新シャア専用,https://mevius.5ch.net/shar/
ネタ雑談,旧シャア専用,https://medaka.5ch.net/x3/
ネタ雑談,電波・お花畑,https://kizuna.5ch.net/denpa/
ネタ雑談,お笑い小咄,https://egg.5ch.net/owarai/
ネタ雑談,同人ノウハウ,https://medaka.5ch.net/2chbook/
ネタ雑談,噂話,https://fate.5ch.net/uwasa/
ネタ雑談,キャラネタ,https://medaka.5ch.net/charaneta/
ネタ雑談,なりきりネタ,https://medaka.5ch.net/charaneta2/
ネタ雑談,マスコットキャラ,https://kizuna.5ch.net/mascot/
ネタ雑談,戦時,https://rio2016.5ch.net/senji/
カテゴリ雑談,恋愛サロン,https://mevius.5ch.net/lovesaloon/
カテゴリ雑談,カップル,https://mevius.5ch.net/ex/
カテゴリ雑談,×１,https://rio2016.5ch.net/x1/
カテゴリ雑談,同性愛サロン,https://medaka.5ch.net/gaysaloon/
カテゴリ雑談,のほほんダメ,https://mao.5ch.net/nohodame/
カテゴリ雑談,無職・だめ,https://medaka.5ch.net/dame/
カテゴリ雑談,負け組,https://rio2016.5ch.net/loser/
カテゴリ雑談,ヒッキー,https://kizuna.5ch.net/hikky/
カテゴリ雑談,メンヘルサロン,https://krsw.5ch.net/mental/
カテゴリ雑談,独身貴族,https://kizuna.5ch.net/single/
カテゴリ雑談,女性,https://mao.5ch.net/wom/
カテゴリ雑談,独身女性限定,https://mao.5ch.net/sfe/
カテゴリ雑談,もてない女,https://medaka.5ch.net/wmotenai/
カテゴリ雑談,既婚女性,https://kizuna.5ch.net/ms/
カテゴリ雑談,独身男性,https://lavender.5ch.net/male/
カテゴリ雑談,もてたい男,https://kizuna.5ch.net/motetai/
カテゴリ雑談,モテない男性,https://mevius.5ch.net/motenai/
カテゴリ雑談,孤独な男性,https://rio2016.5ch.net/alone/
カテゴリ雑談,既婚男性,https://mao.5ch.net/tomorrow/
カテゴリ雑談,リーマン,https://medaka.5ch.net/employee/
カテゴリ雑談,大学生活,https://kizuna.5ch.net/campus/
カテゴリ雑談,大学学部・研究,https://rio2016.5ch.net/student/
カテゴリ雑談,おたく,https://mao.5ch.net/otaku/
カテゴリ雑談,年代別,https://kizuna.5ch.net/nendai/
カテゴリ雑談,セピア,https://rio2016.5ch.net/sepia/
カテゴリ雑談,駄洒落,https://medaka.5ch.net/gag/
カテゴリ雑談,しりとり,https://medaka.5ch.net/575/
カテゴリ雑談,五七五・短歌,https://medaka.5ch.net/tanka/
カテゴリ雑談,アウトロー,https://medaka.5ch.net/4649/
カテゴリ雑談,左利き,https://mao.5ch.net/hidari/
受験・学校,教育・先生,https://mao.5ch.net/edu/
受験・学校,大学受験サロン,https://medaka.5ch.net/jsaloon/
受験・学校,大学受験,https://medaka.5ch.net/kouri/
受験・学校,学習塾・予備校,https://mao.5ch.net/juku/
受験・学校,お受験,https://mao.5ch.net/ojyuken/
受験・学校,専門学校,https://mao.5ch.net/senmon/
受験・学校,美術系学校,https://mao.5ch.net/design/
受験・学校,音楽系学校,https://mao.5ch.net/musicology/
受験・学校,公務員試験,https://medaka.5ch.net/govexam/
趣味,趣味一般,https://lavender.5ch.net/hobby/
趣味,手品・曲芸,https://kizuna.5ch.net/magic/
趣味,パズル,https://kizuna.5ch.net/puzzle/
趣味,ハンドクラフト,https://lavender.5ch.net/craft/
趣味,おもちゃ,https://mevius.5ch.net/toy/
趣味,ゾイド,https://lavender.5ch.net/zoid/
趣味,時計・小物,https://lavender.5ch.net/watch/
趣味,煙草銘柄・器具,https://lavender.5ch.net/smoking/
趣味,刃物,https://kizuna.5ch.net/knife/
趣味,お人形,https://lavender.5ch.net/doll/
趣味,園芸,https://lavender.5ch.net/engei/
趣味,犬猫大好き,https://mao.5ch.net/dog/
趣味,ペット大好き,https://mao.5ch.net/pet/
趣味,アクアリウム,https://lavender.5ch.net/aquarium/
趣味,軍事,https://mevius.5ch.net/army/
趣味,無線,https://lavender.5ch.net/radio/
趣味,模型・プラモ,https://lavender.5ch.net/mokei/
趣味,RC（ラジコン),https://kizuna.5ch.net/radiocontrol/
趣味,サバゲー,https://lavender.5ch.net/gun/
趣味,花火,https://kizuna.5ch.net/fireworks/
趣味,三国志・戦国,https://mao.5ch.net/warhis/
趣味,中国英雄,https://kizuna.5ch.net/chinahero/
趣味,戦国時代,https://kizuna.5ch.net/sengoku/
趣味,歴史難民,https://kizuna.5ch.net/nanminhis/
趣味,ダンス,https://lavender.5ch.net/dance/
趣味,ヨガ,https://fate.5ch.net/yoga/
趣味,野鳥観察,https://lavender.5ch.net/bird/
趣味,コレクション,https://lavender.5ch.net/collect/
趣味,写真撮影,https://kizuna.5ch.net/photo/
趣味,お絵描き,https://agree.5ch.net/oekaki/
乗り物,バイク,https://egg.5ch.net/bike/
乗り物,バイク車種ﾒｰｶｰ,https://krsw.5ch.net/motorbike/
乗り物,車,https://medaka.5ch.net/car/
乗り物,軽自動車,https://mao.5ch.net/kcar/
乗り物,車種・車メーカー,https://fate.5ch.net/auto/
乗り物,中古車,https://mao.5ch.net/usedcar/
乗り物,大型・特殊車両,https://mao.5ch.net/truck/
乗り物,鉄道総合,https://mevius.5ch.net/train/
乗り物,鉄道路線・車両,https://mevius.5ch.net/rail/
乗り物,鉄道懐かし,https://mao.5ch.net/jnr/
乗り物,鉄道(海外),https://kizuna.5ch.net/ice/
乗り物,鉄道模型,https://kizuna.5ch.net/gage/
乗り物,バス・バス路線,https://mao.5ch.net/bus/
乗り物,エアライン,https://lavender.5ch.net/airline/
スポーツ一般,スポーツサロン,https://mao.5ch.net/sposaloon/
スポーツ一般,スポーツ,https://mao.5ch.net/sports/
スポーツ一般,懐かしスポーツ,https://mao.5ch.net/rsports/
スポーツ一般,スポーツ施設,https://mao.5ch.net/stadium/
スポーツ一般,陸上競技,https://medaka.5ch.net/athletics/
スポーツ一般,体操・新体操,https://mao.5ch.net/gymnastics/
スポーツ一般,ウエイトトレ,https://mao.5ch.net/muscle/
スポーツ一般,運動音痴,https://mao.5ch.net/noroma/
スポーツ一般,冬スポーツ,https://mao.5ch.net/wsports/
スポーツ一般,スキースノボ,https://mao.5ch.net/ski/
スポーツ一般,スケート,https://mevius.5ch.net/skate/
スポーツ一般,水泳,https://mao.5ch.net/swim/
スポーツ一般,マリンスポーツ,https://mao.5ch.net/msports/
スポーツ一般,船スポーツ,https://mao.5ch.net/boat/
スポーツ一般,空スポーツ,https://mao.5ch.net/birdman/
スポーツ一般,釣り,https://medaka.5ch.net/fish/
スポーツ一般,バス釣り,https://mao.5ch.net/bass/
スポーツ一般,自転車,https://medaka.5ch.net/bicycle/
スポーツ一般,乗馬・馬術,https://mao.5ch.net/equestrian/
スポーツ一般,ﾓｰﾀｰｽﾎﾟｰﾂ,https://mao.5ch.net/f1/
スポーツ一般,オリンピック,https://mao.5ch.net/olympic/
スポーツ一般,的スポーツ,https://mao.5ch.net/bullseye/
スポーツ一般,公園スポーツ,https://mao.5ch.net/parksports/
スポーツ一般,アメスポ,https://mao.5ch.net/amespo/
スポーツ一般,チア,https://mao.5ch.net/cheerleading/
スポーツ一般,xsports,https://mao.5ch.net/xsports/
スポーツ一般,eスポーツ,https://krsw.5ch.net/esports/
球技,プロ野球,https://rio2016.5ch.net/base/
球技,球界改革議論,https://medaka.5ch.net/npb/
球技,野球殿堂,https://rio2016.5ch.net/meikyu/
球技,野球総合,https://lavender.5ch.net/mlb/
球技,高校野球,https://medaka.5ch.net/hsb/
球技,アンチ球団,https://medaka.5ch.net/kyozin/
球技,国内サッカー,https://kizuna.5ch.net/soccer/
球技,日本代表蹴球,https://mevius.5ch.net/eleven/
球技,ワールドカップ,https://rio2016.5ch.net/wc/
球技,海外サッカー,https://kizuna.5ch.net/football/
球技,バスケット,https://medaka.5ch.net/basket/
球技,テニス,https://mao.5ch.net/tennis/
球技,バレーボール,https://mao.5ch.net/volley/
球技,ラグビー,https://mao.5ch.net/ovalball/
球技,卓球,https://mao.5ch.net/pingpong/
球技,ボウリング,https://mao.5ch.net/gutter/
球技,ゴルフ,https://mao.5ch.net/golf/
球技,ビリヤード,https://mao.5ch.net/billiards/
球技,その他球技,https://mao.5ch.net/ballgame/
格闘技,格闘技,https://medaka.5ch.net/k1/
格闘技,プロレス,https://medaka.5ch.net/wres/
格闘技,武道・武芸,https://mao.5ch.net/budou/
格闘技,ボクシング,https://medaka.5ch.net/boxing/
格闘技,相撲,https://mao.5ch.net/sumou/
格闘技,伝統武術,https://mao.5ch.net/jyudo/
格闘技,MMA,https://krsw.5ch.net/mma/
旅行・外出,海外旅行,https://kizuna.5ch.net/oversea/
旅行・外出,国内旅行,https://kizuna.5ch.net/travel/
旅行・外出,ホテル･旅館,https://kizuna.5ch.net/hotel/
旅行・外出,土産物・特産物,https://kizuna.5ch.net/localfoods/
旅行・外出,トロピカル,https://kizuna.5ch.net/tropical/
旅行・外出,温泉,https://kizuna.5ch.net/onsen/
旅行・外出,遊園地,https://mevius.5ch.net/park/
旅行・外出,動物園・水族館,https://kizuna.5ch.net/zoo/
旅行・外出,博物館・美術館,https://kizuna.5ch.net/museum/
旅行・外出,登山キャンプ,https://kizuna.5ch.net/out/
旅行・外出,ハワイ州,https://kizuna.5ch.net/hawaii/
旅行・外出,道の駅,https://fate.5ch.net/sapa/
心と身体,人生相談,https://rio2016.5ch.net/jinsei/
心と身体,心と宗教,https://rio2016.5ch.net/psy/
心と身体,身体・健康,https://rio2016.5ch.net/body/
心と身体,自己啓発,https://fate.5ch.net/keihatsu/
心と身体,マッサージ等,https://rio2016.5ch.net/stretch/
心と身体,ハンディキャップ,https://mao.5ch.net/handicap/
心と身体,癌・腫瘍,https://mao.5ch.net/cancer/
心と身体,難病,https://rio2016.5ch.net/nanbyou/
心と身体,COVID-19,https://krsw.5ch.net/covid19/
心と身体,新型感染症,https://kizuna.5ch.net/infection/
心と身体,HIVサロン,https://mevius.5ch.net/hiv/
心と身体,アトピー,https://rio2016.5ch.net/atopi/
心と身体,アレルギー,https://rio2016.5ch.net/allergy/
心と身体,ハゲ・ズラ,https://rio2016.5ch.net/hage/
心と身体,純情恋愛,https://mevius.5ch.net/pure/
心と身体,不倫・浮気,https://mevius.5ch.net/furin/
心と身体,同性愛,https://mevius.5ch.net/gay/
心と身体,メンタルヘルス,https://mevius.5ch.net/utu/
心と身体,失恋,https://mevius.5ch.net/break/
ＰＣ等,スマホヘッドライン,https://headline.5ch.net/bbymobile/
ＰＣ等,PCサロン,https://mao.5ch.net/pc2nanmin/
ＰＣ等,PCニュース,https://medaka.5ch.net/pcnews/
ＰＣ等,Windows,https://mevius.5ch.net/win/
ＰＣ等,旧・mac,https://mao.5ch.net/jobs/
ＰＣ等,新・mac,https://egg.5ch.net/mac/
ＰＣ等,OS,https://medaka.5ch.net/os/
ＰＣ等,デスクトップ,https://mevius.5ch.net/desktop/
ＰＣ等,パソコン一般,https://medaka.5ch.net/pc/
ＰＣ等,ノートPC,https://egg.5ch.net/notepc/
ＰＣ等,自作PC,https://egg.5ch.net/jisaku/
ＰＣ等,プリンタ,https://medaka.5ch.net/printer/
ＰＣ等,ハードウェア,https://mevius.5ch.net/hard/
ＰＣ等,"CD-R,DVD",https://mevius.5ch.net/cdr/
ＰＣ等,ソフトウェア,https://egg.5ch.net/software/
ＰＣ等,モバイル,https://egg.5ch.net/mobile/
ＰＣ等,ビジネスsoft,https://mevius.5ch.net/bsoft/
ＰＣ等,UNIX,https://mevius.5ch.net/unix/
ＰＣ等,データベース,https://mevius.5ch.net/db/
ＰＣ等,Linux,https://mao.5ch.net/linux/
ＰＣ等,プログラマー,https://medaka.5ch.net/prog/
ＰＣ等,プログラム,https://mevius.5ch.net/tech/
ＰＣ等,ＣＧ,https://mevius.5ch.net/cg/
ＰＣ等,DTM,https://egg.5ch.net/dtm/
ＰＣ等,DTV,https://mevius.5ch.net/avi/
ＰＣ等,FLASH,https://mevius.5ch.net/swf/
ＰＣ等,ゲ製作技術,https://mevius.5ch.net/gamedev/
ＰＣ等,昔のPC,https://kizuna.5ch.net/i4004/
ネット関係,インターネット,https://mevius.5ch.net/internet/
ネット関係,Download,https://lavender.5ch.net/download/
ネット関係,Web制作,https://mevius.5ch.net/hp/
ネット関係,Web収入,https://mevius.5ch.net/affiliate/
ネット関係,レンタル鯖,https://mevius.5ch.net/hosting/
ネット関係,自宅サーバ,https://mao.5ch.net/mysv/
ネット関係,WebProg,https://medaka.5ch.net/php/
ネット関係,ネットワーク,https://mevius.5ch.net/hack/
ネット関係,セキュリティ,https://medaka.5ch.net/sec/
ネット関係,通信技術,https://mao.5ch.net/network/
ネット関係,仮想通貨板,https://fate.5ch.net/cryptocoin/
ネット関係,ポスペ・irc,https://mevius.5ch.net/friend/
ネット関係,プロバイダー,https://mao.5ch.net/isp/
ネット関係,ネットカフェ,https://mao.5ch.net/netspot/
ネット関係,テレワーク,https://mevius.5ch.net/telework/
ネット関係,Nifty,https://medaka.5ch.net/nifty/
ネット関係,Google,https://mevius.5ch.net/google/
ネット関係,メルマガ,https://mao.5ch.net/mmag/
ネット関係,難民,https://pug.5ch.net/nanmin/
ネット関係,宣伝掲示板,https://mao.5ch.net/ad/
ネット関係,ネットサービス,https://mevius.5ch.net/esite/
ネット関係,YouTube,https://egg.5ch.net/streaming/
ネット関係,携帯動画,https://mao.5ch.net/mstreaming/
ネット関係,音楽配信,https://lavender.5ch.net/mdis/
ネット関係,ネットラジオ等,https://mao.5ch.net/netradio/
ネット関係,ブログ,https://mevius.5ch.net/blog/
ネット関係,ソーシャルネット,https://egg.5ch.net/sns/
ネット関係,ネットwatch,https://lavender.5ch.net/net/
ネット関係,ツイッター観察,https://rio2016.5ch.net/twwatch/
ネット関係,爆サイ,https://fate.5ch.net/watchbakusai/
ネット関係,オークション,https://egg.5ch.net/yahoo/
ネット関係,nntp,https://medaka.5ch.net/nntp/
雑談系２,STARWARS,https://fate.5ch.net/starwars/
雑談系２,おいらロビー,https://kizuna.5ch.net/bobby/
雑談系２,ロビー,https://egg.5ch.net/lobby/
雑談系２,●,https://kizuna.5ch.net/maru/
雑談系２,なんでもあり,https://lavender.5ch.net/mog2/
雑談系２,昔,https://kizuna.5ch.net/mukashi/
雑談系２,厨房！,https://mevius.5ch.net/kitchen/
雑談系２,最悪,https://egg.5ch.net/tubo/
雑談系２,学歴,https://kizuna.5ch.net/joke/
雑談系２,主義・主張,https://egg.5ch.net/shugi/
雑談系２,人権問題,https://egg.5ch.net/rights/
雑談系２,Anarchy,https://agree.5ch.net/anarchy/
雑談系２,批判要望,https://mao.5ch.net/accuse/
雑談系２,モ娘（狼）,https://kizuna.5ch.net/morningcoffee/
雑談系２,格付け,https://mao.5ch.net/ranking/
雑談系２,新記録・珍記録,https://egg.5ch.net/record/
雑談系２,シベリア超速報,https://pug.5ch.net/siberia/
雑談系２,ニュー速VIP,https://mi.5ch.net/news4vip/
雑談系２,ニュー速VIP+,https://hayabusa9.5ch.net/news4viptasu/
雑談系２,ニュー速(嫌儲),https://greta.5ch.net/poverty/
雑談系２,POVERLUTION,https://fate.5ch.net/poverlution/
雑談系２,ニュー速(Anarchy),https://agree.5ch.net/news4anarchy/
雑談系２,天国,https://egg.5ch.net/heaven4vip/
雑談系２,ニー速,https://egg.5ch.net/neet4vip/
雑談系２,ガチホモ,https://mao.5ch.net/aniki/
雑談系２,ふれんちふらい,https://egg.5ch.net/frenchfry/
